target_pkg,confuser_pkgs
boto3,bttt99;typed-boto3;bad4u;botoa;bida;b64uuid;BioID;botoo3;boto3-type;bda3;boto2;booto3;mock-boto3;beet;bitte;batt;badoo;body;beauty;oboto3;bttt;Beoit;bulkboto3;bet365;bt856a;boto3r;easy-boto3;boto3form;boothy;obot;boat;bowtie;bo;baeuda;bait;badai;boty;bdai;boto3-paste;botoy;bbuddy;bioodo;btoa;bade;budy;beat;boto4;bodo;baet;bote;bottt;byte;budou;BD103;buteo;bout;Botte;buddy;bda2020239019;betty;batou;butt;bioTEA;baato;txboto3;aboto3;badd;bayte;bioat;o3;bit8;boto3-retry;beout;beta9;baidu;bot4;bouto;bearboto3;boto3-utils;batty;byot;beta;bitty;bbat;boto3auth;bota;boot;bode;booty;biota
botocore,rasp-botocore;aio-botocore;botocore-paste;iamzero-botocore;botocorev063p;botocore-tornado;botocore-a-la-carte;botocore-types;botocore-meiqia;tornado-botocore;botocoree
urllib3,urllib33;urllib3-request;simpleurllib3;urllib3-1-26-2;url;urllib3-fixed;urllib3-sigv4;lib3;urllib3-odigos
setuptools,setuptools-git-ls-files;ptools;setuputils3;setuptools-scss;sq-setuptools;setuptools-cython;setuptools-markdown;setuptools-git-ver;setuptools-scm-about;setuptools-epydoc;setuptools-pep660;setuptools-py2cfg;tox-setuptools;humblesetuptools;setuptools-cythonize;setuptools-twine;lxml-cffi;setuptools-changelog;setuputils;nbsetuptools;setuptools-i18n;setuptools-bower;setuptls;setuptools-pyecore;setu;pytest-pypi;setuptools-gitver;setuptools-ext;setuptools-node;setuptools-antlr;setuptools-docker;setuptools-pipfile;setuptools-shim;distutils-pytest;setuptools-black;setuptools-cmd-deps;sat5ptools;setuptools-cpp-cuda;setuptools-metadata;python2;setuptools-bin-targets;steptools;setuptools-wrapper;dephell-setuptools;setuptools-flakes;bd-bdsetuptools;setuptools-bzr;setuptools-scm-custom;glue-setuptools;setuptools-ocrd;setuptools-webpack;setuptools-zig;setuptools-npm;conda-pypi;setuptools-trial;setuptools-pybind11;setuptools-dummy;setuptools-cmake;setuptools-grpcio;setuptools-generate;ppsetuptools;uptools;setuptools-darcs;setuptools-qmesh;setuptools-template;nuitka-setuptools;notsetuptools;setuptools-ziglang;cmake-setuptools;setuptools-gettext;setuptools-protobuf;setuptools-yaml;setuptools-cuda-cpp;setuptools-autover;setuptools-pyflakes;setuptools-monorepo;setuptools-ci;setuptools-cuda;setuptools-scrutinize;setuptools-pkg;setuptools-lint;setuptools-pep8;protobuf-setuptools;test-numpy-setuptools;cython-setuptools;steputils;setuptools-sky;setuptools-cmmi;setuptools-test;lyncs-setuptools;setuptools-cpp;perfting.setuptools;setuptools-depsutil;setuptools-scm-old;setuptools-subversion;setuptools-sloccount;setuptools-freeze;setuptools-github;restorm-setuptools;setuptools-mtn;setuptools-green;setuptools-proto;setuptools-tasks;setuptools-svn;sdputils;setuptools-hg;lambda-setuptools;setuptools-grpc;setuptools-scm-semver;setuptools-git-details;setuptools-parcels;setuptools-webdav;setuptools-golang;toolssetup
requests,rust-requests;proxy-requests;snmp-requests;thor-requests;requests-facebook;requests-raw;requests-SSL-v3;jfbrequests;requests-ccwienk;requests-lite;requests-selenium;quests;requestz;requestssecurity;requests-cpp;dubborequests;requests-oauth2;requests-wrapper;requests-twisted;patch-requests;curl-to-requests;drfrequests;logged-requests;requests-pelican;requests-gracedb;gevent-requests;envoy-requests;upcdb-requests;requests-html2;await-requests;requests-extra;socketrequests;screenpy-requests;requestsabc-001A;jupyter-requests;requests-openapi;nbrequests;xrequests;requestes;fgrequests;crequests;many-requests;fed-requests;requestspro;requests-rust;requests-qwd;requestsockets;requests-counter;requests-reviewer;simple-requests;zymbit-trequests;esi-requests;deskaone-requests;requests-onshape;requests-sap;requests-hustauth;pandirequests;requests-spider;requests-runscope;grasspy-requests;faster-requests;mock-requests;requests-llnw-auth;trequests;apirequests;requests-ucloud;requestspr;notion-requests;chicagorequests;saferequests;parallel-requests;wild-requests;web3-requests;requests-dump;arcane-requests;chibi-requests;requests-aws;requests-sse;curequests;requests-handler;requests-crtauth;requests-magpie;tgrequests;bztt-requests;tf-requests;recuests;requests-aliyun;pymrequests;requests-etag;requests-iamauth;requests-plus;mstr-rest-requests;pycopy-uurequests;gqlrequests;notrequests;ja3requests;odigos-requests;scrapy-requests;requests-tor;requests2;requests-threads;requests-aeaweb;requests-builder;vk-requests;batch-requests;crawl-requests;newio-requests;pydantic-requests;requests-engine;dbrequests;triton-requests;requests-api;degree72-requests;rrquests;erequests;presto-requests;requestsaa;webrequests;ghrequests;twitter-requests;requests-raven;slow-requests;requests-hawk;mrequests;requests-request;playfulrequests;requests3;litecoin-requests;requests2hdd;autorequests;requestsredis;requests-ecp;yrequests;requests-dump2;requests-asserts;requestsRenderJs;dlorenc-requests;requests-h2;onionrequests;requests-pandas;cernrequests;pytest-requests;suds-requests;splitio-requests;shopify-requests;requssts;pg-requests;requests-tools;aiohttp-requests;Print-requests;requests-nber;requests-package;sparc.requests;reliable-requests;requests-default;careful-requests;requests-anon;requests-defaults;stealthy-requests;stealth-requests;requests-cloudkit;requests-safe;requests-from-file;pycopy-requests;pull-requests;srequests;aio-requests;requests-har;lambda-requests;requests-bce;req7ests;requests-debugger;awsrequests;requests-proxy;anon-requests;requests-scram;requestsping;requests-vzauth;PyGithub-requests;yaml-requests;pycopy-urequests;nanorequests;hyper-requests;cxyrequests;requests-chef;2022-requests;superrequests;requests-netdna;requestspwn;azure-requests;txrequests;request;libhttprequests;requests-utils;requestsgarant;pycurl-requests;requests-srv;requestsH;tornado-requests;requests-custom;requests-logger;selenium-requests;requests-foauth;bg-urequests;pub-requests;totororequests;gancio-requests;requestsdantic;cache-requests;requests-base-url;bitcoin-requests;yapi2requests;requests-download;requests-retry;requests-f5auth;myrequests;cloud-requests;oarepo-requests;dgut-requests;eureka-requests;requests5;requezts;http-requests;requests-base;evarequests;play-requests;drequests;requests2aiohttp;requests-core;pylint-requests;urequests;requests-xml;fast-requests;ruquests;openpgp-requests;drf-otp-requests;requests-lb;discord-requests;requests-tracker;exec-requests;requests-bearer;parse-requests;requests-iap;streamedrequests;requests-pprint;microrequests;influx-requests;drf-batch-requests;requests-ms-auth;atman-requests;ak-requests;hx-requests;aipkgs-requests;yc-requests;invenio-requests;devops-requests;requests-ftp;python-requests;requestscore;imath-requests;requests-htmlc;requests-viewer;requests-signer;requestez;requests-flask;requests-whaor;cli-requests;requests-forecast;facebookrequests;nav-requests;requests-oidc;multi-requests;wechat-requests;wsrequests;requests-abc;requests-limiter;requests-to-curl;monitor-requests;torequests;hrequests;retryrequests;rerequests;requests-jwt;gcloud-requests;curl2requests;requests-gcp;bulkrequests;graphql-requests;flask-requests;requests-doh;noseapp-requests;bw-requests;estela-requests;ks33requests;stripe-requests;requests-debug;site-requests;django-requests;asrequests;lyft-requests;roblox-requests;har2requests;panderequests;requests-client;requests-iap2;requests-google;httpsrequests;requestspool;advancedrequests;firerequests;requests-mock-df;flake8-requests;asyncrequests;requests-go;curl-requests;dsb-requests;kanirequests;requests99999999;rwquests;requests-2.32.3;requestsWS;nidhoggr-requests;jsrequests;zdppy-requests;maybach-requests;requesuts;requestsocket;asyncio-requests;better-requests;requests-rest;requestsplus;ligo-requests;jsonrpc-requests;torrequests;requests-crawler;requestsbankrko;requestsssssssssss;requests-rest-api;requests-jwtauth;requests-guard;turborequests;requests-hardened;browser2requests;requests-factory;requests-mauth;dukaan-requests;external-requests;arequests;requestsModel;requests-testing;httprequests;requests-extended;requesfs
certifi,cer;certified;certifi-icpbr;certifi-yandex;certificate-cli;cert;certifik8;certifie;certifikadas8;certifiable;syscertifi;certifi-debian;certifier;self-certifi;certificator;certifi-dmp;certificate-gen
packaging,colibri-packaging;tpypackaging;sphinx-packaging;packaging-splitter;packaging-demo-abhi;packaging-demo-bobo;love-packaging;PyPipackaging;product;packaging-utils;poetry-packaging;packagingxx;sample-packaging;packaging-adzone;packaging-demo-nice;packaging-coursdemo;packaging-demo-avr;packaging-demo;packaging-demo-eric;pip-packaging;packaging2;better-packaging;pypackaging;logilab-packaging;ffy00.packaging;packaging-dists;packaging-demo-puni;jaraco.packaging;pykaging;testing-packaging;pckaging;pyedge-packaging;jaraco-packaging;packaging-demo-nagan;packaging-priyal;avia-packaging;demo-packaging;packaging-example;elulalib-packaging;learnpypackaging;fun-packaging;packaging-demo-Dalia;test-packaging;packagingapi
idna,echidna;na;dna;Ekidna;jdna
charset-normalizer,gatsby-normalizer;csv-normalizer;cert-normalizer;charset;normalizer;dv-normalizer;urlnormalizer;t-normalizer;harset-normalizer
typing-extensions,pppextensions;requests-extensions;boto3-extensions;typing-aliases;typing-extension;typing-tools;micropython-typing;magnus-extensions;pytest-extensions;async-extensions;typing-ex;nbextensions;typing-exe;newrelic-extensions;pandas-extensions;databases-extensions;typing-arguments;drfextensions;tdextensions;enum-extensions;mkdocs-extensions;qt-extensions;runtime-typing;jk-typing;json-extensions;graphene-extensions;ppextensions;jupyterlab-extensions;yaml-extensions;grpc-extensions;dcextensions;pycopy-typing;redis-extensions;extensions;cdk-extensions;typing-json;dj-extensions;numpy-typing;ecommerce-extensions;minio-extensions
python-dateutil,python-da;kw-python-dateutil;pythondateutil;pythondatautil
s3transfer,wanna-transfer;s4transfer;mastercard-transfer;iatransfer;eztransfer;transfer;s3transferg;sctransfer;s3transfer42;sfer;qrtransfer;s3transfer-meiqia;envtransfer;s3transferp;edc-transfer;transfertools;transfer.py;solana-transfer;transfer-nlp;transfer-lib;gg-transfer;fm-transfer;django-transfer;eth-transfer
aiobotocore,aiobotocore-chrisglass;aiobotocore-botorange;aiobotocore-stubs;aiobotocore-mirror;aiobot;aio-botocore
grpcio-status,status
PyYAML,pysqlite;SQLObject;pytest-yaml;PyYAML.Yandex;PyYAMLp;PyYAML-tabs;setuptools-yaml;sqlalchemy-pytest;pytest-sqlalchemy
six,sussix;tasix;physix;sixer;sixbox;basix;sixty;sixfoh;wasix;six-web;esix;sixfab;sixl;docsix;six21;qtsix;si;sixai;musix;ix;sixel;sixtpo
numpy,snumpy;numpy-rms;numpy-fn;nompy;numpytorch;umpy;numpycnn;ros2-numpy;numpiyy;linumpy;deepnumpy;os-numpy;tfnumpy;aim2numpy;numpyk;intel-numpy;numpi;numpy-sugar;numpy-demo;lxml-cffi;json-numpy;idx2numpy;niimpy;numpyson;namepy;numpy-html;chipnumpy;numpymongo;nerva-numpy;numpyXtns;serde-numpy;gnumpy;nemapi;n3map;nuumpy;numpy-flow;gdal2numpy;thznumpy;numppy;numpy6;numpystats;envi2numpy;geonumpy;zen-of-numpy;numpyro-oop;vnumpy;tinynumpy;damenumpy;ntv-numpy;numpypy;ktnumpy;bionumpy;utm-no-numpy;nymp;unumpy;julia-numpy;my-numpy;nampa;vtktonumpy;ccv-numpy;numpygraph;numpy-flint;rosnumpy;nempy;nump;paranumpy;datar-numpy;numpy3;newmap;numpyprint;numpy2ad;unmap;numpy-ipps;jnumpy;numpyplus;nampy1;nomiepy;numpy-cukd;numpy-ml;numpy-nn;das2numpy;nonumpy;numpyds;numpynet;nn-numpy;xsnumpy;numpee;pnumpy;nimpa;nu;numpysane;lazynumpy;noompy;numpy-ros;numpyro-ext;numpy-tools;numpyimage;numpy-unit;numpythia;naampy;fftw-cffi;numpy-ext;numpy-posit;neompy;numpyx;nomap;numpy2gif;gif2numpy;weldnumpy;nump5y;ocaml;oflibnumpy;xnumpy;numpy-list;numpy-io;numpy-eiei;pdb-numpy;rnumpy;napm;dicom-numpy;nada-numpy;numpy-cloud;zmqnumpy;nimp;mpy;numpy4;numpy-utils;nummpi;numpyextra;root-numpy;afnumpy;rumpy;numqy;pynum
wheel,fat-wheel;stubwheel;wheeldiff;tox-wheel;linewheel;wheelbin;whli;quant-wheel;ogdf-wheel;Js2Py-wheel;fwheel;flywheel;pysvn-wheel;pinwheel;pdm-wheel;wheel-stub;wheelcms;passwheel;xn-wheel;wheelz;wheelfile;testwheel;pyc-wheel;ediwheel;welly;waterwheel;wheelmaker;wally;wheelie;wily;wheel-axle;whila;whale;will;well;wheelify;axle;redis-wheel;first-wheel;whill;flask-wheel;whole;wheelsmith;swheel;yiwheel;wheeltools;wholly;rdpywheel;proj1-wheel;millwheel;wheelr;willie;heel;cupy-wheel;wheels2dmg;wheelock;wheelchair;el;wheelmerge;wala;wHello;colorwheel;wheelshop;wheeljack;wh;wooloo;wheel2deb;wile;WoLo;pynwheel;cogwheel;cywheel;pycwheel;whool;wheeel;enwheel;avrawheel;firewheel
fsspec,specutils;speccaf;specargs;kubespec;fsspec-cli;minispec;fhirspec;spectro;py-spec;fsspec-chfs;specqp;chemspec;snspec;env-spec;guispec;fss;specfunc;ipfsspec;specipy;spec-utils;fsspec-notion;spec;dictspec;zuspec;structspec;rfsspec;specless;simspec;evmspec;synspec;pec;mdspec;specfab;msspec;pyspec;spec-classes;fsspec-rclone;irods-fsspec;seqspec;jaxspec;sqlspec;fsspec-bz2;bayes-spec;defspec;specdist;config-spec;specviz;specpy;specfem;mtspec;wandbfsspec;speccer;procspec;spec-plots;specgp;dtspec;dep-spec;compspec;optispec;bqspec;specctl
s3fs,s3bz;s3workers;s3-credentials;esl-s3;s3tools;dojo-s3;s3fs-itg;gaes3;s3interactions;s3ctl;s3jr;s3-downloader;filebrowser-s3;creds3;pbs3;nss3;s3app;gias3;s3-ocr;s3conf;s3func;yandex-s3;s3-cli;aio-s3;s3db;s3dl;py3s3;s3-api;s3pypi;jupyters3;s3-sc;s3tl;s3dir;s3logs;txs3;yas3fs;s3tk;s3etag;s3wm;s3nb;pyss3;s3env;s3bro;s3;templates-s3;webpack-s3;s3ew;s3bt;s3pyo;s3-uploader;s3df;s3kv;s3ftp;s3-cas;pypis3;mr.s3;s3py;s3util;ada-s3;s3eval;s3f;s3-scheduler;ezs3;s3-memoize;s3stat;s3du;pgs3;s3url;s3pd;s3-sessions;s3bp;s3ac;django-s3;s3ts;s3-concat;log2s3;s3-toolkit;aios3;aprs3;s3repo;s3utils;aws-s3;s3ninja;j2s3;s3cp;s3sel;s3-helpers;s3contents;s3-kvs;async-s3
pip,rez-pip;pipw;pipfun;to-pip;rddpip;pipipi;pipe21;pippo;so-pip;pipl;pipxu;pipic;itzpip;piping;pip-viz;git-pip;rfipip;ms2pip;stpip;pipgeo;pipeln;gen-pip;poopip;qtpip;prypip;pipeml;jpip;ownpip;xfpip;pipis;ptpip;piplus;Epip;pipo;ezpip;pipoe2;pip-run;jkpip;pipuck;pipco;pipm;pipcn;pipiy;pipops;pip-gun;pipeto;vpip;pippra;pipzz;mkpip;pipme;pipf;cspip;pinpip;piproc;pipp;pip-RCE;pipez;nopip;pip4a;pipgh;pipeop;pips3;IHpip;pipje;pipver;piprot;gcspip;pip-pin;pipoke;pitpip;yjpip;py-pip;pipns;pipsy;pipui;pipey;pip-hdl;vbpip;pipup;pip2df;mypip;pipkin;tcpip;pipr;pipet;popip;pipini;pipdot;pipoe;pipgen;pipi;rpip;pipipx;s3pip;pipper;pipeup;pip-lab;cnpip;pipus;pip2p;pipra;pipwin;pipcli;mpip;pipseq;pipel;piprm;sl-pip;pippi;pip81;piped;lpip;pip-cli;apip;pipdu;spip;pipall;pip2pi;mpypip;pippt;pre-pip;secpip;pipmap;pipedi;prpip;pdo-pip;altpip;pipcs;pipbar;pipe-fn;piprun;piper;pipepy;pip-qt;pipit;nlpip;pipxx;pipe4u;pipin;pip-gui;piplyr;pip-ppm;pipsec;biopip;new-pip;pipz;pipecv;pipped;pippy;tkpip;py2pip;pipen;pipa;lampip;pipim;ToSpip;cpip;pipsi;pipQ.py;pipctl;pipub;pipd;pipcmd;pipua;pipreq;pipeit;piprec;cas-pip;geopip;pyipip;pipext;pipapp;gpip;pipda;pxpip;pipq;pipely;mms-pip;pipse;pipmin;piplet;pipxl;pipman;pipip;pipgui;winpip;piphub;chpip;pip6;fispip;pip-pop;pip-add;pip-box;pipita;pippip;Wpip;hub-pip;gip;pjp;piq;pig
cryptography,simple-file-cryptography;cryptography-suite;sdc-cryptography;cryptographys;ff3-cryptography;lattice-cryptography;zscryptography;cryptology;cryptosystems;lite-cryptography;cojo-cryptography;cryptographyComplements;kellanb-cryptography;cryptographylibs;obsolete-cryptography;mini-cryptography;Encryption;cryptography318;decorators-cryptography;pycryptography;foss-cryptography;quantum-cryptography;cryptography-fernet;encryption-ciphers;django-field-cryptography;fusion-cryptography;pqcryptography;cryptanalysis;cryptography-with-deps;cryptographer;risclog.cryptography;cryptography-347-stubs;ddccryptography;better-cryptography;cryptografy;kabbes-cryptography;cryptography-vectors;Criptografia;steganography
pydantic,pydantic-logic;edr-pydantic;pydanticprotobuf;xsdata-pydantic;pydantic-choices;pydantic-partials;pydantic-flask;pydantic-config-ui;apollo-pydantic;pydantic-fetch;pydantic-surql;pydantic-gql;pydantic-sdk;pydantic-tensor;aiohttp-pydantic;pydantic-cache;csvcubed-pydantic;sanicpydantic;sphinx-pydantic;pydantic-forms;pydantic-apply;pydantic-aiohttp;pydantic-filters;supabase-pydantic;flake8-pydantic;pydantic-2-mermaid;pydantic-orm;pydantic-i18n;pjdev-pydantic;BIDS-pydantic;pydantic-shapely;pydantic-config;json-pydantic;asdf-pydantic;pydantic-partial;pydantic2md;pydantic-mongo;pydantic-telegram;pydantic-webargs;pydantic-view;pydantic-examples;pydantic-argify;pydantic-dict;pydantic-regex;pydantic-aws;pydantic-init;pydantic-pkgr;pydantic-jsonapi;pydantic-glue;pydantic-factur-x;oscal-pydantic;pydantic-geojson;orm2pydantic;pydantic-spark;pydantic-br;pydan;pydantic-prompter;pydantic-redis;graphene-pydantic;pandas-to-pydantic;antic;pydantic-argparse;pydantic-tes;pydantic-requests;pydantic-form;pydantic-kedro;django-pydantic;pydantic2-resolve;covjson-pydantic;pydantic-cereal;jsonapi-pydantic;pydantic-slim;pydantic-bind;pydantic-sqlite;griffe-pydantic;pydantic-zarr;pydantic-loggings;pydanticutils;pydantic-typer;deta-base-pydantic;st-pydantic;pydantic-ome-ngff;numpydantic;pydantic-sarif;aas-pydantic;pydantic-mql;pydantic-panel;pydantic-cli-model;pydantic-meta;pydantic-socket;orjson-pydantic;pydantic-toolbox;h5pydantic;pydantic-property;pydantic-django;pydantic-graphql;pydantic-scim2;sqlapydantic;pydantic-asyncapi;jwt-pydantic;pydantic-secrets;pydantic-cli-test;apiflask-pydantic;pydantic-marshals;ocsf-pydantic;pydantic2zod;pydantic-nested;pydantic-ai;pydantic-decoder;pydantic-devtools;xml-to-pydantic;pydantic-args;reasoner-pydantic;openapydantic;pydantic-odm;pyda;neopydantic;sanic-pydantic;pika-pydantic;pydantic-aioredis;stac-pydantic;pydantic-scim;markdown-pydantic;extra-pydantic;semantic-pydantic;pydantic-airflow;pydantic-neo4j;pydantic-mongo-orm;pydantic-ast;pydantic-env;pydantic-pint;pydantic-serdes;pydantic-gen;pydantic-sqs;pydantic-dop;pydantic-csv;pydantic-all-in-one;pydanticneo4j;pydantic-ai-slim;pydantic-mermaid;pydantic-cli;pydantic-firebase;compose-pydantic;enriched-pydantic;pydantic-logfire;pydantic-xmlmodel;pydantic-openapi;pydantic-pynamodb;dagster-pydantic;pydantic-dydb;pydantic-openai;pydantic-dynamo;lsmeta-pydantic;ksuid-pydantic;drf-pydantic;pydantic2avro;pydanticio;pydantic-tfl-api;airflow-pydantic;pydantic-client;argparse-pydantic;pydantic-cidoc-crm;telegram-pydantic;pydantic-pony;pydantic-shodan;pydantic-resolve;pydantic-quantlib;pydantic-loader;pydantic-notion;pydantic-vault;rcs-pydantic;pydantic-fhir;pydantic-computed;apistar-pydantic;pydantic-tools;tf-vars-to-pydantic;pydantic-duality;pydentic
attrs,objs;wr-attrs;gyver-attrs;AdderUz;flattrs;ctxt;att;attres;mattrs;autoRSA;address;sanic-attrs;jw-cattrs;attrs2bin;trs;xattrs;tartes;tars;seriattrs;funcattr;attrs-to-sql;at;attrs-serde;attrz;taurus;hasattrs;tarraz;abcattrs;attrsfile;params;stringify;relattrs;nattrs;attrezzo;rs;cdata;envattrs;annot-attrs;attr.s
cffi,v8-cffi;cff;epydoc;lxml-cffi;bcj-cffi;cmph-cffi;cf;gmpy-cffi;sdl2-cffi;gobject;hlint;cld2-cffi;cffi-demo;epeg-cffi;cffii;ppmd-cffi;glfw-cffi;mmh3cffi;nfft-cffi;fftw-cffi;cffi-re2;ocaml;cffi-glpk;orte-cffi;fi;lz4-cffi
pycparser,pycparserr;cparser;pycparserext;pycparser-stubs;pycparser-plz-ignore;pycp;pycparser-fake-libc;pycparserrr
click,clck;clig;calc;autoclick;click-app;clickd;clack;clickpost;click2cwl;lcwc;CallQueue;clickup;click-alias;calc0001;clogg;calc9000;cualgo;click-creds;clocky;clickpanda;c1algo2;calc2003;coalgo;agxclick;click-lazy;colog;c1algo1;click-odoo;clickhouse;clickable;click-path;clicks;calc2;colego;clicks-util;classclick;hydraclick;clickext;doclick;clickutils;cloak;clickdc;click-demo;calq3;airclick;click-web;Cligo;pdm-click;clock;clicknium;click-utils;clog;clickme;clicktypes;Pyntnclick;slack-click;cloc;coolock;nclick;cliq;clicker;colloquy;clickshot;colugo;pclick;cloca;callgg;click-extra;clickomat;clickutil;click-tree;zero-click;click-pwsh;calc2243336;clickgen;click-frame;calkiey;sshclick;click-fish;click8;dynoclick;lick;clok;lrn-click;clickupy;calcu;clgui;culqi2;cloack;pydanclick;Clci;click-fuzzy;click-anno;lcci;clickyaml;clickhttp;culqi3;calico;objclick;calc20;clac;clico;click-conf;pandaclick;calc1;cilog;coalg;mtpiclick;click-lock;vcclick;click-plus;clickset;calcw;clicking;dclick;cli2gui;unclick;clicky;clickqt;nbclick;clickup-sdk;mapclick;auto-click;testclick;click-types;clickatell;pyclick;md-click;ck;clickplc;aclick;clickshots;clickmod;clique;clik;clickpy;c2log;whyclick;trio-click;culqi;cl;clickstock;clic;coloc;clickup-cz;c3loc
pandas,pandasdb;mypandas;coolpandas;pynids;kungfu-pandas;pandashells;babypandas;pandass-plus;pandastools;panadas;apyoripandas;pandas-ga;pandas-x;pandas-ply;pandasklar;pandas-plotly;pandas-oracle;clean-pandas;pandaslearn;pandas-utils;pandasgraph;pandas-mapper;swmm-pandas;pandasdb2;pynitza;levenpandas;redvox-pandas;pynads;pandas-pcaxis;pointz;polarpandas;pynotice;pandas-sphinx;pandas-log;phylopandas;gpt4pandas;pandas-xlwt;pandas-plyr;sqlpandas;Pynuts;logpandas;behave-pandas;paandass;magicpandas;quick-pandas;pandas-select;pandascam;git-pandas;pantzai;sparkypandas;qtpandas;pyaxe-pandas;pandas-pipe;cloudpandas;pandas-chat;csvpandas;pandas-files;pandasflow;pandas-plus;pandas-dq;moneypandas;pandasrw;pontos;trajpandas;biopandas;pandas-cohort;spreadpandas;kjhpandas;pandasxl;apply-pandas;panndas;pandass;pandaz;pyndows;pynets;simpandas;xml2pandas;pandas-plots;Pandis;pandas-tab;pandas-scd2;seqpandas;pydns;pandas-util;punits;pandassta;pandas-eda;pandasplit;pandas-npi;pants;pandas-rose;pandashifu;ipypandas;pandas-cat;otis-pandas;pandas-cli;genopandas;pandastic;pandas-light;pandasio;penates;xtalpi-pandas;tfs-pandas;sqltopandas;pandas2;pandas-wizard;mtpandas;rest-pandas;fred-pandas;pandas-nosql;lxml2pandas;pandas-mpmkp;pandas-orm;pandas-cub;nanopandas;pandasaccess;pandas-checks;rdfpandas;fpandas;pandas-f;metapandas;estatpandas;h3pandas;tidypandas;kusto-pandas;pondos;pandas-charm;pynqpandas;pynetz;pandas-mssql;arff2pandas;pandas-mate;pandas-io;trashpandas;web2pandas;softpandas;light-pandas;pandos;pandas-bamboo;terra-pandas;livepandas;pandas-vet;pandas-compat;superpandas;cutepandas;easypandas;pandas-fpl;itkdb-pandas;pandas-gpt;pynattas;xdi-pandas;gamepandas;pandas-estat;pandasaurus;faker-pandas;pandas-tutor;dad-sql-pandas;chunkypandas;pandasglue;h5pandas;lazypandas;epic-pandas;pandas-alive;pandasgwas;runpandas;pandas-liteql;pandastable;toypandas;pandaserd;pandas-ext;pandasbox;pandas-qt;pandas-sets;pandas-nql;xlpandas;pandas-render;pandascore;penitus;web3-pandas;pandas-xyz;pandas-dash;prettypandas;labelpandas;jalali-pandas;color-pandas;pandas-ex;japandas;pandas-to-sql;starepandas;pandas-or;panddas;pandaspgs;pinedos;pandas-show;pynidus;bluepandas;lipandas;pandaspipe;xlsx2pandas;pandohs;pandasai-sql;evtx2pandas;Pandas3;red-pandas;pandasdate;pandaspro;pandaspraxis;ipandas;pandas-df-sql;happy-pandas;astropandas;kpandas;energy-pandas;mpandas;pandasvault;pandas007;circ-pandas;pandas-sacct;pandasai-ibm;pandas-llm;jblibpandas;pandas-dedupe;fast-pandas;pandas-bj;gispandas;pandas-oop;Pontus;pandus;pynodes;pandas-object;panaetius;pandas-gsheet;espandas;pandas-htools;pandashape;pynats2;omfpandas;pandashark;pandasql3;movingpandas;mfpandas;dsp-pandas;cache-pandas;mad8-pandas;piggypandas;convpandas;argopandas;pandas3js;eda-pandas;pandas-xml;blob-pandas;gffpandas;smart-pandas;pandasmemuc;upandas;pydns3;trash-pandas;pandas-cache;pandashift;xwpandas;pan;pandasnet;stock-pandas;cubedpandas;simple-pandas;mwl-ipandas;ntv-pandas;pentas;yolopandas;utils-pandas;comun-pandas;pandasbt;dupandas;pandas-ml;pints;pandasql-lts;pandas-bokeh;vcf2pandas;classypandas;gsheet-pandas;exif2pandas;mini-pandas;pandas-extras;psqlpandas;pandas-money;pandas-diff;pandas-plink;pandashelper;points;pendazz;legate.pandas;omero2pandas;pyndas;rosbag-pandas;pandasplexos;dgraphpandas;nested-pandas;rafuzzpandas;pandas-nlp;ankipandas;pandas-numpy;cyberpandas;pandas-jalali;pandaskit;pandaspg;pandas-sql;pynts;abpandas;sql2pandas;autopandas;pandas-should;pynaads;pandas-trader;gapandas;pandas-etl;pynotes;ie-pandas;pandasgui;jason-pandas;damepandas;fuzzy-pandas;pandas-linker;datar-pandas;peanutz;peanuts;pontis;not-in-pandas;hydropandas;sdi-pandas;es-pandas;pandas-fuzz;pandasfruit;bbva2pandas;pandasmore;pandas-aws;das;pandas-cacher;pandas-coder;pandas-multi;pendes;spandas;pandas-func;pandas-rs;root-pandas;pandasHana;pandas-hug;mindpandas;physipandas;termpandas;keras-pandas;mecab2pandas;pynotes2;pandas-zmq;pandas-lite;cf-pandas;mmal-pandas;mb-pandas;fbref2pandas;pandas-lookup;dvc-pandas;logfmt-pandas;gym-pandas;gwapandas;pandasguard;pandas-ui;paandas;pandas-path;pandas-addons
jmespath,jmespath-token;jmespathv041p;jmespath-terminal;rjmespath;jmespaths;jmespathutils;spath
importlib-metadata,metadata;export-lib
colorama,colorama-colorize;rama;pycolorama;colorama-easy;colorama-EX;color;colorama-bbts;Cookies-colorama;colorama-terminal;colo;colorsama;coloramaperogod;colorema
pyasn1,pya;pysnmp-pyasn1;docx-asn1;pyasn1-ldap;pyas;pyasn1-fasder
zipp,zippy;zipper;zippity;zi;zippo;zippydoc;pp;zippie;ipp;zip;zipg
rsa,rsa4py;sa;mne-rsa;rsarm;lilrsa;rsanic;eversa;rsaes;rsapy;rsa-cli;rsaw;parsa;arsa;rsap2p;prsa;nn-rsa;cnsrsa;rsa-jpv;rsa3;drsa;jwt-rsa;rsa-so;rsack;ezrsa;rsam-ew;myrsa;corsa;use-rsa;rsapi;rs;rsap;Farsa;sorsa;versa;marsa;rse;rsq;rs4
rich,atenrich;rich-demo;richdb;richenum;myaerich;richpdf;georich;ip-enrich;richuru;recho;rich2md;idlerich;raichu;rssh;richie;ri;ric;ch;richkit;ostrich;finrich;rich-diff;richwx;roerich;russhy;zurich;reachy;rich-msa;rich-tea;roshi;rohc;logrich;conrich;rich.tui;richfile;roach;richcat;sprich;richest;myrich;rashi;ruishi;richsmi;richapi;richka;erich;rich-elm;rich-form;goenrich;ylq-rich;fridrich;richspot;russia;richify;reach;richapps;rache;richtypo;richset;rash;Rach;rich-cli;nrich;richer;russh;e3enrich;richclub;richdem;rich-life;ffrich;richard;opstrich;rich-menu;richlog;rosh;pyStrich;richlib;richery;rioh
MarkupSafe,Safe;MarkupSafe-slow
pytz,tz;pytzx;pytzen;pytzer;gaepytz;pytzkt;pytzsub;pyt;gae-pytz;pytzpure;opytz;gaerpytz
jinja2,jinja2-shell;Jinja2-Haml;django-venv;jinja2hass;jinja-psycopg;jinja2-maps;jsonjinja;jinja2xlsx;jinja2sql;jinja2-test;sqlalchemy-django;falcon-jinja2;flake8-pytest;jinja2yaml;jsjinja;pytest-yaml;deform-jinja2;Jinja;jonja;django-pytest;jinja2-error;jinja2-arrow;django-uwsgi;jinja2modern;mailer-jinja2;django-jinja2;staticjinja2;tml-jinja2;jange;kivy-django;score.jinja2;flake8-sqlalchemy;jinja2-mjml;jinja2-env;jiange;pytest-jinja;jinja24doc;django-gunicorn;jinja2-tools;jinja2-vault;more.jinja2;django-coffeescript;jinja2-github;jinja2-pdoc;Juneja;mw-jinja2;jinja2-git;sanic-jinja2;setuptools-yaml;jinja-datatables;jinja2-cli-enh;jinja2-csrf;jinja2-sanic;jinja2-slug;jinja2utils;sqlalchemy-pytest;jinja2-render;django-scss;jinja2-ospath;jinja2ssg;django-wsgi;impaf-jinja2;janggi;jinja2rst;webpy-jinja2;jinja2-hamlpy;nornir-jinja2;pytest-sqlalchemy;jinja2schema;eds4jinja2;muffin-jinja2;jinja2html;aspen-jinja2;jinja2-eval;sphinx-jinja2;jinja2-stl
protobuf,pydanticprotobuf;protobuf-init;protobuf-extra;im-protobuf;hatch-protobuf;protobuf-ntypes;valutes-protobuf;billoprotobuf;evmos-protobuf;protobuf-helpers;python3-protobuf;prot;ingot-protobuf;kr8-protobuf;edadeal-protobuf;protobuf-relocate;pystream-protobuf;read-protobuf;protobuf-tools;dict-to-protobuf;protobuf-py3;protoc;fameprotobuf;jsonrpc;flask-protobuf;protobuf-bytes;blackboxprotobuf;protobuf-gis;ppcdis-protobuf;taxi-mypy-protobuf;synapse-protobuf;sentinel-protobuf;protobufferize;uplink-protobuf;protobuf2arr;json-protobuf;klar-cprotobuf;epl.protobuf;opus-protobuf;takprotobuf;nrp-protobuf;python-protobuf;protobuf-compiler;lua-protobuf;protobuf-to-dict;corenlp-protobuf;protobuf-odigos;protobuf-to-dict-2;pure-protobuf;protobufrex;cprotobuf;lightprotobuf;json-websocket;protobuf-gen;protobuf3-models;md-protobuf;osmosis-protobuf;mkdocs-protobuf;protobuf-qtypes;asvprotobuf;jsonb;rpc-msgpack;pyprotobuf;zepben.protobuf;WebHDFS;ydb-core-protobuf;shopee-protobuf;stargaze-protobuf;protobufp
platformdirs,rmdirs
awscli,aw-cli;scli;awsc;wscli
pytest,pytest-target;pytest-adf;pytest-rmsis;pytest-qasync;pydest;pytest-home;pytest-rich;pytest-github;pytest-pgsql;pytest-data;pytest-cricri;testit-pytest;pytestomatio;pytest-skippy;pytest-log;pytest-pydev;pytest-abq;pytest-tezos;pytest-qml;pytest-kookit;arcticpytest;pytest-stats;pytest-azure;pytest-oar;pytest-xray;pytest-bandit;pytest-dpg;pytest-play;est;pytest-status;pytest-covid;pytest-reqs;pytest-aspec;pytest-qanova;pytest-bec-e2e;pd2hts;pytest-timer;pytest-mongo;pytest-server;pytest-pot;pytest-regex;pytestapilib;pytest-stress;pytest-plus;pytest-dhos;pytest-ldap;pytest-kexi;pytest-motor;pytest-ckan;test;pytest-ok;pytest-pyvenv;pytest-xml;pytest-honey;pytest-select;pytest-snapci;dpytest;pytest-raisin;pytest-rts;pytest-goldie;pytest-xflaky;pytest-zafira;pytest-yapf3;pytest-clld;pytest-argus;pytest-clerk;pytest-params;pytest-copie;pytest-fv;pytest-idem;pytest-pop;pytest-static;pytest-fluent;pytest-store;pytest-choose;pytest-austin;flask-pytest;pytest-reana;pytest-wetest;pytest-dc;pytest-mqtt;pytest-file;pytest-locker;pytest-modalt;pytest-honors;pppTest;pytest-visual;pytest-zulip;pytest-sanity;pytest-sauce;pytest-crate;pytest-nice;pytest-sanic;pytest-ligo;py-pytest;pytestgen;retry-pytest;pytest-click;flake8-pytest;pytest-fauna;pytest-assist;pytest-unique;pytest-gitcov;pytest-yaml;pytest-prysk;pytest-cqase;pytest-defer;pytest-eliot;pytest-utils;pytest-lock;pytest-dirty;pytest-pg;pytest2md;pytest-pride;pytest-tytest;pytest-tdd;mosh-pytest;pytest-zeebe;cpppytest;pytest-layab;pytest-xfiles;pytest-nodev;mypytest;aigpytest;pytest-cldf;jupytest;pytest-pilot;wield.pytest;pytest-agent;pytest-selfie;SHU-pipytest;pytest-dryrun;pytest-pypi;exgrex-pytest;pytest-speed;pytest-gae;django-pytest;pytestix;pytest-thread;pytest-stf;pytest-level;pytest-hylang;pytest-mocha;pytest-tick;pytest-blue;pytest-pact;pytest-snail;pytest-owner;pytest-xiuyu;pytacite;pytest-sbase;pytest-zap;pytest-tldr;pytest-readme;pytatsu;pytest-rst;qase-pytest;pytest-perf;pytest-lsp;nose2pytest;pytest-tcp;pytest-xpara;pytest-tmpfs;pytest-gcs;pytest-atomic;pytest-ui;cpytest;pytest-odc;pytest-pyq;pyhdust;pytest-mini;pytest-maxcov;Pydoist;pytest-cython;rspec;pytest-yuk;pytest-wdl;behave-pytest;pytest-study;pytest-cloud;pytest-pings;ptsd;pitest;pytest-zest;pytest-blink1;pytest-dryci;pytest-oot;pytest-async;pytest-kivy;pytestifyx;flake8-junit;pytest-consul;pytest-api;pytest-ref;pytest-flyte;alxpytest;pytest-cram;pytest-trello;phantomjs;pytest-ec2;zope.pytest;gtest;bb-pytest;pytest-ai1899;pytest-initry;pytest-logdog;pytest-ext;pytest-apiver;pytest-anyio;pytest-litf;ptst;pytestfcc;pytestify;pytest-yapf;pytest-sa-pg;pytest-trace;pytest-wdb;pytest-anki;pytest-kind;abasepytest;pytest-bpdb;kinmspytest;pytest-iters;pytest-count;kedro-pytest;pytest-yield;bupytest;pytest-lambda;pytest-envraw;pahtest;PyDust;pytest-mesh;ptest;pytest-evm;pytest-qaseio;pytest-darker;pytest-steps;pytest-helper;yphtest;pytest-jest;pytest-konira;pytest-todo;pytest-patch;flake8-sqlalchemy;pytest-kasima;pytest-fxa;pytest-lisa;pytest-rotest;pytest-docs;pytest-aio;pytest-girder;pytest-matrix;pytest-pinned;pytest-kairos;pytest-loop;pytest-extra;pytest-print;pytest-axe;pytest-focus;pydast;pytest-jira;pytest-qt-app;pytest-venv;andluo-pytest;pytest-notify;pytest-power;pytest-joke;pytest-ptera;paitest;pytest-tmnet;pytest-libiio;pytest-jtr;pytest-bench;pytestlib;spytest;pytest-bdd-web;pytest-ringo;PyTCID;pytestarch;pytest-notice;pytest-rail;pytest-time;pytest-req;pytestmar;pytest-caprng;pytest-jinja;pytest-random;pytest-memlog;pytest-otel;pytest-blame;pytest-sorter;pytest-marks;pytest-poo;pytest-ibutsu;pytest-hypo-25;pytestclass;pytest-pogo;pytest-lark;ytest;pytest-qr;pytest-mccabe;pytest-growl;pytest-stub;pytest-chdir;pytest-vts;pytest-email;pytest-slow;pytestdiv;pytest-smoke;pytest-ver;pytest-litter;Runner-pytest;pytest-doc;pytest-notion;pytest-pep257;pytest-report;solidspytest;pytest-smtpd;pytest-pitch;pytest-excel;pytest-smtp;pytest-dicom;pytest-expect;pytest-leaks;pytest-pt;pytest-tmux;pytest-influx;pytest-pep8;pytest-nlcov;pytest-cid;pytest-lineno;pytest-ot;pytest-bdd-ng;pytest-needle;pytest-statsd;pytest-lamp;pytest-only;pytest-vnc;pytest-timeit;pytest-pook;pytest-board;scrapytest;pytest-iovis;p100test1;pytest-pokie;pytest-tst;pytest-neo;pytest-drf;pytest-xlsx;pytest-live;pytest-tui;pytest-zigzag;pytest-rage;pytest-aws;pytest-html-cn;pytest-db;pytest-ipdb;pytest-pspec;pytest-kafka;pytest-ini;pytest-bq;pytest-smell;pytest-cobra;PytSite;vampytest;pytest-http;pytest-bwrap;pytestcenter;pytest-kuunda;pytest-sphinx;pyttest;pytest-falcon;lbpytest;pytest-shell;pytest-fxtest;pytest-iam;pytest-insper;pytestisort;pytest-dbt;pytest-py125;pytest-forks;pytest-trepan;pytest-bug;pytest-aoc;pytest-create;pytest-git;pytest-mproc;pytest-vcs;pytest-sqitch;pytest-diff;pytest-himark;pytest-factor;pytest-oof;pytest-accept;pydist2;pytest-ssh;bvx-pytest;pytest-mh;pytest-it;pytest-archon;pytest-sort;pytest-xvirt;pytest-donde;pyt;pytest-qgis;pytest-copier;pytest-aux;pytest-schema;pytest-fxa-mte;pytest-fzf;pytest-erp;pytestcommon;pytest-tools;pytest-neos;pytest-fabric;maxpytest;pytest-beds;pytest-hue;pytest-pyspec;pytest-plone;pytest-vyper;medver-pytest;pytest-stoq;pytest-yls;feifei-pytest;pytest-salt;pytest-xlog;pytest-sosu;pytest-plt;pytestbehave;marleu-pytest;pytest-tf;pytest-loguru;pytest-ipynb;pytestifypro;pytest-rerun;pytest-fold;pytest-knows;pytest-difido;pytest-tally;pytestpy155;pydocit;pytest-gitlab;pytest-odoo;pytest-moto;pytest-rt;pytestutils;dgpytest;pytuist;pytest-encode;pytest-track;zfpytest;pytest-chunks;pytest-peach;pytest-rpc;pytest-pusher;pytest-edit;pytest-tstcls;autopytest;pytest-pass;pytestorz;pytest-mypyd;pytest-menu;pytest-bazel;pytest-appium;pytest-henry;pytest-web-ui;pytest-dparam;pytest-inline;pytest-richer;pytest-curio;plain-pytest;pytestforge;pytest-attrib;pytest-pdb;pytest123;pytest-vimqf;pytest-when;pytest-diffeo;pytest-idapro;pytest-replay;pytest-zy;pytest-ditto;pytest-ml;pytest-ngrok;pytest-mp;PyDSD;pytest-th2-bdd;ipytest;pytestshot;pytest-gc;pytest-nginx;pytest-tape;pytest-topo;pytest-cairo;pytest-draw;pytest-case;pytest-docgen;pytest-forbid;pytest-frappe;pytest-ochrus;pytest-oerp;pytest-dash;pytest-gevent;pytest-param;pytest-tomato;pytest-solr;pytest-pmisc;pytest-fly;pytest-vw;pytest-dbx;pyDots;pytest-netdut;py3dst;pytest-resume;pytest-zcc;pytest-golden;sphinx-pytest;pytest-config;alauda-pytest;pytest-eth;pytest-roast;aiida-pytest;pytestsocket;pytest-ndb;pytest-gee;pytest-svn;pytest-sheraf;py.test;test-py
tomli,tomli-dzw;tomlize;li;tomlini;to;tomlibrary
aiohttp,aiocells;aioinsta;aiorpc;aio-kong;aiomsa;aiosocks;aioflows;aiocv;aioqiwi;aiohttp-metrics;aiohttp-wrapper;aiocli;aiohttp-spotify;aiocmd;aiotf;aio-etcd;pop-aiohttp;aioapi;ensaio;http;aiostd;aiohttp-rq;aiozk;aiopm;aiohttp-bam;aiobp;aiohttp-json-api;aio-multipart;hyssop-aiohttp;aiohttp-rapid;aioxmlrpc;aiohttp-r3;aiohttpapi;aiofb;aiohttp-apiset;aiointeractions;aiohttp-etag;aiohttp-webpack;ez-aio;aiop4;influxdb-aio;aiotg;aiohttp-auth;aiohttp-oauth;mcaio;aiodb;aio.signals;scrapy-aiohttp;aioddd;aioesl;trakt-aiohttp;aio-statsd;aiohttp-tests;aioqiniu;aionuts;aiogrpc;aiohttp-swagger;aiooss;aiotasks;aiomox;aiogc;aio-pubsub;aiohttphelper;wsaio;aiopipes;aio-amqp;rest-aiohttp;aiohttp-scraper;aio.tasks;aiohttp-sentry;aiohttp-proxy;aiohttp-admin2;trio-aiohttp;aioxmpp;aioh;aioweb3;ws-web-aiohttp;aiologs;aio-nano;aioupnp;aiohttp-jrpc;aiodav;aiohttp-toolbox;aioimdb;libaio;mock-aiohttp;aio-s3;aiohttp-doh;testing-aiohttp;aioapp;aio-scheduler;aiohttpx;aioreq;aioexec;aiogt;aiotopics;aioh2;aio-baidu;aiohttp-baseapi;aiohttp-ext.auth;ntier-aiohttp;aio-ch;aiohttp-proxies;aiohttp-send;aioevt;aiodec;aiohttp-rpc;aioipfs;aiohttp-things;aiohttp-route;aiosm;aiofm;aiomisc;aiosqs;aiorq;aiohttp-msal;aioevents;aiopolly;aioagi;aio-standalone;aiohttp-json-rpc;aiortsp;aioauth;aiohttp-apispec;aiohttp-libscss;aiohttp-i18n;aiohttpclient;aiomas;aio-aws;aio-databases;aio-microservice;raven-aiohttp;aiosolr;aiovcf;aiocacher;aioeos;taskiq-aiohttp;secure-aiohttp;aiotr;aiohttp-cas;aiorm;aiohttp-openapi;aiobaidu;ez-aiohttp;aiohttp-wsgi;aioservices;aiohttp-riak;idem-aiohttp;aiohttp-rest-api;aiohttp-deps;aiohttp-catcher;aiogh;aiogql;pytest-aio;aiochris;aiomc;aiofauna;buvar-aiohttp;aiohttp-login;aio-routes;aiosu;aio-wiki;aiodl;aioopenssl;aiohttp-socksx;aiohttp-zora;aiohttp-toolkit;aioorm;aiohttp-utils;aio-rom;aioscheduler;aio-requests;aiomoe;aiompd;aiohttp-tools;aiohttpmap;aiohttp-zorro;aio-clients;aioworkers;aiohttp-limit;aioaws;aiohttp-csrf2;aiohttp-datadog;aionx;aioproc;aiohttp-babel;aio-downloader;aioec;aioqb;aiovk;aio-gitlab;aiohttp-themes;aio-eth;amqp-aio;aioroku;binance-aiohttp;aiohttp-dynamic;aiotuya;binance-aio;aiorss;aiovlc;aiojenkins;aiohttp-tal;aiohttp-tus;aiorem;aiosox;aioutils;aiopogo;aio-timers;webtest-aiohttp;linux-aio;aiostdlib;aio-agents;aiohttp-asgi;aioble;aiohttp-raw;aioja;aio-stdout;aiohttp-jwtplus;aiomes;aiohttp-ws;aiomongo;aiohttp-simple;qlient-aiohttp;aiohttp-edit;aiootp;aioutilities;aiohttp-request;aiohttp-xmlrpc;aiorx;aiohttp-jwt;aiotx;aioudp;aioqs;aio-recaptcha;moesif-aiohttp;aiopy;aiohttp-runner;aiocdp;aiob2;aiohttp-serve;aiomq;aiohttp-jsonrpc;aio.app;aiostat;aioconnectors;aioze;aiodecorators;aiohttp-cache;aiohttp-admin;aiohttpbabel;aio.config;aioirc;aio-openapi;aiohttp-theme;aiotoml;aiohttp-csrf;aiohttp-mock;aio-logstash;aiohttp-poe;aiojira;aiohttp-index;pandas-aiohttp;s2aio;aiosftp;aiohttp-graphql;aio-rabbitmq;aioetcd;aiohttp-spyne;aiolib;sqlalchemy-aio;aiords;aiohttp-oauth2;aiortm;telaio;aioci;aiohttp-init;aiohttp-hijacks;aiowc;aiohttp-isal;aiops;aios3;wgaio;aioarp;aiowsgi;aiohttp-sse;aio-mqtt;aioamqp;aioify;gino-aiohttp;aioadb;aiohttp-mako;aioari;aiohttp-remotes;aiotk;aiocached;aiomsg;aiopb;aioqui;wsrpc-aiohttp;aiometrics;aiosc;aioflo;aiotus;betteraiohttp;aiounifi;aiohttp-setup;aiofcm;aio.http
pluggy,pluggy-sdk;pluggy-types;pylj;types-pluggy;pelage;plyj;plugy;ploggy;pyllage;apluggy;palje;plu;polageo;ln-pluggy;aiopluggy;plug;pyleej;pypluggy
virtualenv,virtualenv-commands;pyutilib.virtualenv;virtualenv-bootstrap;com.dvsnier.virtualenv;ezvirtualenv;virtualenv-multiver;virtualenv-update-path;virtual-glob;virtualenv-here;virtualenvwrapper.npm;virtualkeys;virtual-dataset;virtualenv-activator;custom-virtualenv;virtualenvcontext;activate-virtualenv;virtualenv-tauthon;virtualhttp;virtualenv2;virtualpp;virtuallinks;virtualenv-rewrite;virtualenv-pyenv;virtualmod;fabric-virtualenv;virtualenv-seedhelper;virtualenvwrapper-win;virtualenv-cache;invirtualenv;mkdjangovirtualenv;virtualenvy;virtualenv-distribute;pytest-virtualenv;virtualenv-emacs;virtualenv-tools3;virtualenvtools;virtual-cards;zops.virtualenv;virtualenvutils;virtualenvify;virtualenvwrapper.gem;virtualenvconfig;virtualcrypto;virtualenv-bin;virtualenv-switcher;virtual-less;jvirtualenv;virtualenv-better-bash;virtualenv-hax;virtualenvrunner;gae-virtualenv;virtualenv-relocate;virtualenv-tools;virtualenv-trobz;ya-provide-virtualenv;virtualpy;virtualenv-mgr;arcpy-virtualenv;virtualenv-asdf;virtualenv-sh
pydantic-core,pydan
SQLAlchemy,ORM-SQLite;couchbase-sqlalchemy;Flask-Philo-SQLAlchemy;SQLAlchemy-Enum-List;SQLAlchemy-Wrapper;SQLAlchemy-Aide;sqlalchemy-database;SQLObject;openapi-SQLAlchemy;SQLAlchemy-Api-Handler;SQLAlchemy-Searchable;SQLAlchemyManager;types-Flask-SQLAlchemy;sqlalchemy-django;SQLAlchemy-Rope;SQLAlchemyXXW;pyApp-SQLAlchemy;SQLAlchemy-MetaJSON;SQLAlchemy-Dao;Shake-SQLAlchemy;SQLAlchemyBlender;SQLAlchemy-JSON-API;Painless-SQLAlchemy;SQLAlchemy-JSONAPI;SQLAlchemy-Enum34;Active-SQLAlchemy;SQLAlchemy-Zipkin;SQLAlchemy-smartnow;SQLAlchemy-i18n;Eve-SQLAlchemy;SQLAlchemy-One;SQLAlchemy-Norm;backend-sqlalchemy;SQLAlchemyViz;SQLAlchemyUtils;SQLAlchemy-SQLSchema;SQLAlchemy-Fixtures;sqlalchemy-datatables;SQLAlchemyAggregator;SQLAlchemyExample;SQLAlchemy-Paginator;SQLAlchemy-Ext;SQLAlchemy-mmeyer724;SQLAlchemy-wrap;SQLAlchemyTypes;SQLAlchemy-Defaults;SQLAlchemy-Unchained;WSME-SQLAlchemy;SQLAlchemy-Enum-Dict;sqlalchemy-pytest;SQLAlchemyABC;sqlalchemy-neo4j;Mask-SQLAlchemy;WTForms-SQLAlchemy;SQLAlchemy-Handler;sqlalchemy-solr;sqlalchemy-gevent;CherryPy-SQLAlchemy;SQLAlchemy-ORM-tree;chemy;pytest-sqlalchemy;SQLAlchemy-Sluggable;SQLAlchemy-Catalyst;SQLAlchemyBWC
docutils,nwb-docutils;docutils-shell;docu;docutils-aafigure;kirlent-docutils;hdmf-docutils;txt2tags;docutils-glep;ocutils;tils;rin-docutils;myst-docutils;bdocutils;beanbag-docutils;django-docutils;ws-docutils;decutils;doc-utils
jsonschema,jsonschema-model;colander-jsonschema;jsonschema-pydantic;jsonschema2md2;jsonschema-test;glibs-jsonschema;strictyamljsonschema;jsonschema-converter;jsonschema-cn;jsonschema-to-openapi;lollipop-jsonschema;alchemyjsonschema;jsonschema2popo;jsonschema2ddl;compiletojsonschema;jsonschema2rdbmsddl;jsonschematypes;drf-jsonschema;sqlite-jsonschema;pytest-jsonschema;more.jsonschema;jsonschema-extractor;jsonschema-typed-v2;jsonschema-typed2;jsonschema-typed;jsonschema-gen;jsonschema2md;perfect-jsonschema;jsonschema-lint;json2schema;jsonschemanlplab;jsonschema-pyref;fhir-jsonschema;jsonschema-extended;python2jsonschema;jsonschema-codelane;attrs-jsonschema;jsonschemaplus;jsonschema-inference;jsonschema-cli;ipywidgets-jsonschema;jsonschema-cli2;swagger2jsonschema;tornado-jsonschema;django-pg-jsonschema;jsonschema-default;mongo-jsonschema;jsonschema-builder;wtforms-jsonschema;typeddict2jsonschema;django-jsonschema;jsonschema-lexer;bottle-jsonschema;cubicweb-jsonschema;jsonschema-markdown;jinja2-jsonschema;jsonschema2rst;jsonschemax;jsonschematools;scrapy-jsonschema;openapi2jsonschema;formencode-jsonschema;extended-jsonschema;hema;jsonschematomappings;pytojsonschema;jsonschema-gentypes;json-schema
google-auth,reflex-google-auth;google-oauth;dash-google-auth;streamlit-google-auth;google-auth-plugins;django-google-auth;komodo-google-auth;goog;googl;auth;google-auth-st;aws-google-auth
filelock,file;nb-filelock;aiofilelock;lockfolder;lock;shinny-filelock;filelock4s;ezfilelock;filel;lock-file
googleapis-common-protos,googleapis-common-protos-stubs
greenlet,green;gree;greenlight;greenlet-tornado;greenletio;types-greenlet
cachetools,cache;py-redis-cachetools;cachet;nameko-cachetools;toolcache;cachetools-redis;cachetools-chrisglass;cachetools-ext;fastapi-cachetools;asynccachetools;cachetools-async;etools
wrapt,wraptools;wrap;wraptext;wr;wraptitude;rapt;wraptimer
pyasn1-modules,pysnmp-pyasn1-modules;pyasn1-modules-lextudio;modules
pyarrow,pyarr;pya;pyarrow-unity;pandas-pyarrow;pyar;row;pyarrow-tests;pyarrow-sender;pyarrow-assert;pyarrow-ops;async-pyarrow;pyarrow-cramjam
requests-toolbelt,thor-requests;requests-facebook;requests-cpp;requests-oauth2;drfrequests;requests-extensions;requests-html2;jupyter-requests;requests-openapi;nbrequests;fgrequests;requests-middleware;toolbelt;esi-requests;requests-downloader;apirequests;requestspr;web3-requests;requests-aws;requests-sse;curequests;tgrequests;tf-requests;requests-aliyun;pymrequests;requests-etag;argus-toolbelt;gqlrequests;requests-threads;vk-requests;dbrequests;requests-api;ghrequests;requests-h2;requests-pandas;pytest-requests;shopify-requests;pg-requests;requests-tools;requests-defaults;aws-toolbelt;pycopy-requests;aio-requests;requests-har;requests-debugger;awsrequests;yaml-requests;nanorequests;txrequests;request;requests-utils;requests-srv;requests-paginator;micropython-requests;bitcoin-requests;requests-download;http-requests;evarequests;requests-xml;django-toolbelt;requests-lb;exec-requests;requests-iap;hx-requests;yc-requests;devops-requests;requests-ftp;pytorch-toolbelt;cli-requests;pytest-toolbelt;nav-requests;requests-oidc;multi-requests;wechat-requests;wsrequests;requests-abc;requests-jwt;gcloud-requests;requests-gcp;graphql-requests;bw-requests;requests-debug;django-requests;py-toolbelt;requests-google;httpsrequests;flake8-requests;asyncrequests;jsrequests;jsonrpc-requests;fr-toolbelt;httprequests
requests-oauthlib,requests-oauth2;request
tzdata,data
iniconfig,miniconfig;iniconfig.py;iniconf
pygments,pygments-style-kit;pygments-pvs;flitter-pygments;pygments-pasp;pygme;openqasm-pygments;pygments-httpie;pygments-arm;pygments-w3c-ebnf;pygments-cl-repl;pygments-openssl;pygments-pytest;pygments-epsilon;pygments-style-rub;pygments-molokai;pygments-crbasic;pygments-xojo;pygments-dmdl;pygments-git;pygments-json;pygments-ldif;pygments-kibana;pygments-portugol;pygments-bsl;pygments-q;mkdocs-pygments;pygments-rzk;ckanext-pygments;temper-pygments;pygments-rspec;pygments-ccl-lexer;pygments-shilldb;wagtail-pygments;pygments-dracula;mkgmap-pygments;pygments-nitecode;ansible-pygments;django-pygments;fluent.pygments;pygments-ket;pygments-graphql;mathics-pygments;nord-pygments;hermes-pygments;pygments-cache;pygments-clingo;pygments-onehalf;pygments-redis;pygments-hack;pygments-shader;pygments-enaml;jf-pygments;pygm;pygments-lammps;pygments-asl;pygments-promql;pygments-finesse;mmtpygments;pygments-simtalk;pygments-gemini;pygments-tsx;pygments-zenburn;pygments-ayed2;pygments-doconce;pygments-base16;ipython-pygments;pygments-jml-key;pygments-csv-lexer;pygments-vsc-style;pygments-tiger;pygments-vice
mypy-extensions,pppextensions;requests-extensions;boto3-extensions;mypytex;magnus-extensions;pytest-extensions;async-extensions;mypydb;nbextensions;mypysql;newrelic-extensions;mypy-lang;mypypy;ipython-extensions;mypygui;pandas-extensions;databases-extensions;drfextensions;tdextensions;mypykits;enum-extensions;mkdocs-extensions;mypytools;qt-extensions;mypylib;json-extensions;graphene-extensions;mypy-ls;ppextensions;jupyterlab-extensions;yaml-extensions;grpc-extensions;types-mypy-extensions;dcextensions;nb-mypy;redis-extensions;extensions;mypy-extras;cdk-extensions;mypymysql;mypypp;dj-extensions;ecommerce-extensions;minio-extensions
yarl,yarl39;yayarl;ya;yarllib;arl;yar;yarlp;rl;YURL;pyyarl;yarely;yarll
oauthlib,magento-oauth;google-oauth;oauth2-lib;djoauth;ghoauth;oauth-django;weibo-oauth;ssl-oauth;txoauth;jira-oauth;oauth-middleware;yandex-oauth;rb-oauth;keycloak-oauth;instagram-oauth;oauth-tools;wsgioauth;kong-oauth;bkoauth;django-oauth;oauth-cli;byuoauth;oauth-ssh;mwoauth;hlib;mcoauth;bh-oauth;oauth;uvoauth;ebayoauth;wordpress-oauth
pyparsing,pypar;pyparsing-ext;cflow;pyparsing-helper;sing;parsing
annotated-types,annotate;annotated-dataset;annotated;pytest-annotated;annotated-images
more-itertools,even-more-itertools;rtools;moore-itertools
sortedcontainers,tainers;sortedsets;dictsorted;msgpack-sorted;sortedcontainers-pydantic;containers;func-sorted;dict.sorted
distlib,mh-dist;dist-operations;bgdist;dsnd-dist;stlib;langdist;wm-dist;gaussian-dist;headers.dist;empdist;rfdist;distpy;distexp;distans;crdist;dist17;py-dist;dist-keras;distr-lib;distkv;disteval;sydist;distxml;distlh;bg-dist;gbdist;rkdist;diffdist;dist123;dist-yh;stats-dist;rsdist;dist;distvic;distfunc;statdist;tqdist;distv1;pbdist;dist-gb;dist-s1;stat-dist;rnadist;bas-dist;stadist;distnav;tlib;dist-exe;iw.dist;dis;distobjects;unidist;distvis;jjdist;dist-info;ss-dist;distacc;distmqtt;simdist;pypi-dist;distgfs;distl;disttools;dist-pkg;distinfo;gg-dist;distdj;ecs-dist;seqdist;angdist;dist-buble;distwq
Werkzeug,Werkzeug-Raw;Werkzeug-mireq;zeug
multidict,idict;dict;mult;flask-json-multidict;multi
exceptiongroup,exceptiongroups;exception;except
pathspec,spec;paths
tomlkit,mlkit
markdown-it-py,markd;markdown-it-pyrs
psutil,lottie-ps;psforms;ps-utils;psll;libsps;piops;pslines;psus;pypsutil;pscli;psb2;pscdk;pslib;tiops;darwin-psutil;psmoe;psutil-extra;ps-distributions;biops;trops;tomato-psutil;vipps;psbs;sutil;psconstructs;cdapsutil;ps-constructs;ttps;gxps;psenti;dpsutil;psgv;psola;psu;psmpa;byteps;pymps;ps-minifier;ps-crud;til;pssq;pyops;fsps;pstk;psenv;pyps;mtps;ytps;evops;llps;sspps;psvis;psfr;awsps;aiops;hvps;ps-py;psgr;psrx;psutil-wheels
frozenlist,nlist;frozenlist2
beautifulsoup4,beautifulsoup4-slurp;beautiful;beautifulsoup4-helpers
soupsieve,sieve
mdurl,rl;durl;url;md
aiosignal,signalhooks;aiosignalrcore;signalrgb;signal-cli;signalads;aio.signals;med-signal;cusignal;async-signal;signalfilters;ps-signal;aios;mc-signal;signal-pipes;signal-spam;authsignal;micropython-signal;signal-tools;pycopy-signal;mplsignal;signalfd;aiosignald;biosignal;signal-1;signalhandlers;signal-processing;signal-utils;libsignal;xrsignal;signalworks;signal-groups
tqdm,mqdm;jax-tqdm;pyodm;dm.pdb;vsc-dm;tq-utils;frdm;redis-tq;fladm;pytdm;bbtq;httq;dmoj;qrdm;vptq;dmapi;tqcli;tqpy;kedm;tqdmp;abdm;brdm;tqsim;postgres-tq;mtqdm;tqdn;nqdm;dmdd;tqdme;tq-datasets;easytqdm;dmtools;dmmf;dm.saml2;hkdm;tqdj;ewdm;gmdm;dmapp;gptq;sxdm;dm-launchpad;dmarchiver;sk-dm;py2dm;tqdist;dmlib;pydm;tqsdk;dm53;dm-utils;dbtq;dm-cli;imdm;auto-tqdm;pim-dm;pystq;cqdm;slsdm;cfdm;p-tqdm;atqdm;sqlalchemy-dm;gldm;sysdm;tqix;tqdmnd;tqdl;dmpy;cddm;tkdm;tq42;dmipy;dmtp;dm;dmdj;qqdm;visdm;db-tqdm;scitq;dmsales;ipdm;tqdmX;uhdm
grpcio,pcio;grpcio-fips;grpcio-csds;grpcio-admin;grpc;py-grpcio
mock,mock-ppp;mookoo;mooq;mock-api;umock;automock;odimock;httpmock;mico;myke;api.mock;moku;mockie;mockser;m-mock;mygui;meeko;myca;maec;omic;mocksafe;mygo;narmock;miec;mcko;mockle;mocka;mkey;nextmock;moco;mqueue;mockr;m3c2;mokka;mockish;mmgui;mkie;mockfs;makuo;M18K;mockitup;mock-idp;tfmock;mcaio;mag4;Maki;mockpy;ssh-mock;cbmock;mmqqa;maokai;mockerpy;cymock;easy-mock;mockdata;mockeval;pysmock;moki;mock-base;maica;miku;makeh;mkeio;moc;mockdock;m1key;typemock;mockuser;mocker-db;py-mock;mockee;muko;mocktalk;mack;webmock;iam-mock;ddbmock;mockapi;migo;mogo;Moka;mocktest;Mocky;algomock;shmock;mc920;omego;mocksign;dnsmock;myko;mocksh;pgmock;maec411;myqqa;mock-open;mig3;mokei;mokuai;fastmock;mikkoo;unmock;svnmock;cli-mock;tsmock;mockman;maek;megamock;mock-msm;Maga;make;omega;mocktime;mago;wax-mock;mo;Mocki;dynomock;hammock;mgui;aiomock;mockalot;mawk;meco;maco;mockai;mocket;moca;maguey;vimmock;mocksey;mockupdb;mec2;dfmock;miky2056;MegaAI;limsmock;macaw;elmock;miki;miuc;muke;mockry;mockup;miko;mocksftp;moko;mickey;segmock;maka;myqueue;omc3;nanomock;mmca;miky20567;mk312;myqq;amock;openmock;cuda-mock;mogu;spec-mock;metamock;jmock;qoqo-mock;idun-mock;moic;mega;makey;miga;sql-mock;mocking;megai;goodmock;amqp-mock;meiga;mk60;moqu;omiga;flymock;moke;mockgen;make87;meiki;mockrdd;omok;MICA;MC6809;mockify;mkkey;mockango;iomock;softmock;muck;mockend;foxmock;mockstar;mmic;mocktail;maic;qmock;mockwind;mock-http;mock-db;ck;mockcord;vmock;mikeio;yc-as-mock;smock;ai-mock;maca;ipymock;geomock;mds-mock;mockldap;moog;mcae;mockit;nock
async-timeout,timeout-iterator;timeout;timeout-robotframework;flake8-timeout;async;py-timeout
scipy,scscipy;scicm;scistyles;gscipy;sciops;sciscripts;unisci;scipyx;sciplots;scienv;scinum;sci-distributions;scitk;rxsci;skewt-scipy;sciproc;pyosci;damescipy;sciblox;sci;scifem;scipy-psdm;sciservices;scipy-extra;sciutils;sci-phy;sci-fab;scici;matscipy;scitags;scimba;scip;scicfg;scipy-stack;scidat;scipy-stubs;nanoscipy;scicalc;sci-dl;scimes;cscipy;ngsci;sci-util;arma-scipy;numba-scipy;scitrix;soscipy;scitokens;scisdk;scipydepr;xrscipy;sciviz;scipr;scipdf;mozsci;sciml;scipy-weave;scipyplot;scibd;scicom;config-sci;scipystats;scidx;scidmg;scipy-sugar;intel-scipy;scipp;bpsci;scipy-mpmkp;sciler;scipy-magic;scilib;scitq;scifo;davesci;scipy-dae
pillow,poll;pili;pyme-pillow;ploi;pily;paule;pyleo;pile;pyyolo;pihole;bedspread;PyLo;pili2;pillowfort;pillow-svg;pywl;pylee;pyla;pywolai;ipol;pywol;poola;pyl2h;polo;pull;pyhli;pyloa;PPPele;iply;pali3;pillowcase;p8llow;pallo;pulley;pylol;Pyll;pollo;pula;pillow-mbm;pylu;pillow-affine;pylw;pole;Pulla;ip2l;pill9w;pylaw;jsw-pillow;PyLo3;play;pail;pyley;couchbed;pyLIA;polly;plaw;pylleo;pyle;pali;sofa;palu;cushion;poooli;pylaia;pilo;piel;pillowncase;pimpmypillow;pilio;pillow-lut;paleo;pillowtop;ppyoloe;Pello;low;puli;PPool;pawl;pyl402;geepillow;plai;play2048;pauli;pillowfight;pillowfluff;Pale;Poly;ipwhl;pyLLE;peal;pylie;plow;PyLua;PyHole;peelee;pillowcover;pylio;pollai;pillowtalk;pool;ploy;peel;ipoly;pplay;pyhlo;mattress;PLA428;pillow-tools;pillowcases;pyhll;duvet;pillow-dat;paella;pyle38;pilli;pyli;pillow-jpls;PAL2;pjllow
coverage,fullcoverage;mkdocs-coverage;coverage-fixpaths;simple-coverage;frigg-coverage;cover;coverage-diff;ward-coverage;cloudcoverage;coverage-pth;limit-coverage;coveragepy-lcov;coverage-plot;coveragespace;coverage-shield;pygvcf2coverage;nile-coverage;vocab-coverage;coverage-space;django-coverage;coverage2clover;plot-coverage;coverage2img;coverage-control;coveragecheck;sequana-coverage;tester-coverage;rage;live-coverage;ats-coverage;coverage-p;cython-coverage;coverage-sh;coverage-tools;chess-coverage;coverage-filter;cairo-coverage;cocotb-coverage;moon-coverage;coverage-reporter;gel-coverage;diffcoverage;gerrit-coverage;coveragePy;tha.coverage;xslcoverage;z3c.coverage;coverage-lcov;coverage-rich;ymci-ext-coverage;overage;trialcoverage;fun-coverage;createcoverage;commit-coverage;swagger-coverage;bismuth-coverage;esg-coverage
decorator,decoratory;config-decorator;logdecorator;profiling-decorator;repeatdecorator;recursive-decorator;pydecorator;decoratorium;timed-decorator;dockerator;process-decorator;docwriter;regex-decorator;loggable-decorator;method-decorator;openai-decorator;django-jwt-decorator;tryexcept-decorator;magic-decorator;etimedecorator;gisdecorator;pickling-decorator;drf-nested-decorator;decorator-args;unread-decorator;typecheck-decorator;perceval-decorator;py-ha-decorator;iterables-decorator;sr-decorator;base-decorator;xwyzsn-decorator;numpydoc-decorator;decoratorsutility;requests-decorator;decorator-libs;pstatsdecorator;cli-menu-decorator;docreader;Wind-is-not-decorator;redis-decorator;decorator-cli;x-decorator;tracking-decorator;felix-decorator;motor-decorator;python-decorator;interval-decorator;schedule-decorator;davordecorator;rabbitmq-decorator;pydbusdecorator;timer-decorator;aioretry-decorator;decorators;django-api-decorator;sso-client-decorator;my-timer-decorator;typed-decorator;validator-decorator;decorator-http;proxy-decorator;uzless-decorator;autowire-decorator;benchmark-decorator;returns-decorator;contract-decorator;ethfuncdecorator;drf-api-decorator;decorouter;nestipy-decorator;potemkin-decorator;json-log-decorator;log-decorator;profile-decorator;slackapidecorator;smarttextdecorator;cache-decorator;string-decorator;decorator-composer;deco;guard-decorator;mqtt-decorator;thread-decorator;named-decorator;decoratorutilities;logging-decorator;decor;callgraphdecorator;outputdecorator;easys-decorator;logger-decorator;decoratorplus;diff-decorator;timingdecorator;decora;mock-decorator;timeit-decorator;zope.decorator;decorator-utils;typedecorator;contextdecorator;orator;decorator-parser;docuwriter;decorator-retry;delay-decorator;aiodecorator
dill,dila;dalle3;idlea;dl202121;dalle2;doyle;dl202111;dillwave;di1l0o1;dial;ideal;idaly;ideally;duyll;ll;deal;Dolly;dolo;qdill;dull;dwll;dola;dohlee;dill-O;delia;idle;dl20211;dalle43;dual;delo;idly;di;dlai;idol;daul;deli;dl20212;dalio;dlow;dela;basil;duel;dool;dilldb;dl621;delay;dahlia;DaliAI;dulu;dill-tils;delu;dalia;doeloe;dill-list;dooly;deleo;dali;deel;daily;bill
Deprecated,Python-Deprecated
Flask,Flask-Store;Flask-LDP;Flask-Gears;Flask-Rings;Flask-SSS;FlaskEx;Flask-User;Flask-SRI;Flask-Goat;Flask-Maple;Flask-Swag;Flask-ULS;Flask-Sosoc;Flask-Mako;Flask-Stats;Flask-Cache;Fifty-Flask;Flask-Boot;Flask-Twip;Flask-RDN;Flask-NYC;Flask-Debug;Flask-Allow;Flask-Via;Flask-GeoIP;Flask-BS4;Flask-CLI;FastFlask;Flask-Turbo;Flask-RBAC;Flask-Cent;Flask-RESTy;Flaskcord;Flask-SSDB;Flask-Flash;Flask-Proxy;Flask-PW;Flask-Sijax;Flask-Qedit;Flask-REST;Flask-FCM;Flask-Perf;Flask-Philo;Flask-Annex;Flask-Hmin;Flask-Crud;Flask-Simon;Flask-Vue;Flask-Mime;Flask-Boto3;Flask-Less;Auto-Flask;Flaskel;Flask-RQ2;Flask-Traf;Flask-Boost;Flask-yarn;Flask-CI;Flask-Ask;Flask-Pay-WX;Flask-Rips;Flask-Meter;Flask-JIV;FlaskLogin;Flask-JWT;Flask-Vault;Flask-Rauth;Flask-WePay;Flask-RRBAC;Flask-PW3.1;Flask-Lib;Flask-HTML;Flask-Apium;Flask-Wdb;ask;Flask-FAS;Flask-MySQL;Flask-Babac;Flask-Board;Flask-SES;Flask-Cake;FlaskX;Flask-Async;Flask-qiniu;Flask-Gist;Flask-Easy;Flask-Flarf;Flask-AYAH;Flask-PAM;Flask-SAPB1;Flask-HTTPS;Flask-QArgs;Flask-Prose;FlashFlask;Flask-Rak;Flask-IPFS;Flask-ZMQ;Flask-ADFS;Flask-Venom;Flask-Ink;SAPL-Flask;Flask-Mux;Flask-GCM;HellFlask;Flask-CDN-NG;Flask-Alchy;Flask-VisJS;Flask-NSQ;Flask-Spyne;Flask-OneID;Flask-CDN;Flask-Mix;Flask-Tracy;Flask-Velox;Flask-Bower;Flask-ULID;Flask-Tus;Flask-Beet;Flask-WatQY;FlaskSSL;Flask-Fure;Flask-Fleem;Flask-Slack;Flask-DB2;FlaskBoot;Flask-UUID;Flask-Odoo;Flask-Web3;Flask-S3-ng;Flask-Spec;Flask-OPA;Flask-GFM;Flask-Gulp;HsioeFlask;HelloFlask;Flask-Camp;Flask-Sass;Flask-DBKit;Flask-BS;Flask-PyOTP;Flask-Share;Flask-PyFCM;SBFlask;Flask-Wings;Flask-Saved;Flask-PJAX;Flask-BDEA;Flask-WXApp;Flask-Pilot;Flask-Plots;Flask-MD;Flask-MDE;FlaskWarts;Flask-Auth;Flask-MAuth;Flask-Stupe;Flask-CMDB;Flask-Query;Flask-Pages;Flask-Run;Flask-Ruko;Flask-Lint;Flask-State;Flask-Mail2;Flask-Bulbs;Flask-HMAC;Flask-kale;Flask-ZODB;Flask-Mpesa;Flask-SPF;Flask-PAY;Flask-NoSQL;Flask-MALL;Flask-Coney;Flask-FDS;Flask-Minio;Flask-Env;Flask-kdb;Flask-PRISM;Flask-CAS;Flask-Pyco;Flask-CSV;FlaskPlus;Flask-PW3;Flask-Nytro;Flask-Zato;Flask-Diced;Flask-OAuth;Flask-Zen;Flask-JWE;Flask-MAB;Flask-Modus;Flask-Table;Flask-DJ;Flask-SL;Flask-Meld;Flask-SSM;Flask-RQ;FlaskError;Flask-SSPI;Flask-Occam;Flask-Hopak;FlaskSQL;Flask-Docs;Flask-Color;Flask-naver;Flask-Split;Flask-Imgur;Flask-NSFW;Flask-Envs;Flask-Pika;FlaskEase;Flask-First;Flask-Neo4j;FlaskCms;Flask-Ext;Flask-GnuPG;Flask-Test;Flask-Keen;Flask-Silk;Flask-MQTT;Flask-Quik;Flask-Wire;Flask-Email;Flask-Limit;Flask-Soy;Flasko;Flask-Cat;Flask-BCS;Flask-J2S;Flask-GSA;Flask-WAMP;Flask-Defer;Flask-WXPay;Flask-LND;Flask-HAL;Flask-Storm;Flask-Perm;Flask-DB;Flask-SSE;Flask-Excel;FlaskBB;Flask-QR;Flask-of-Oil;Flask-Breve;Flask-gTTS;Flask-SMS;Flask-ini;Flask-RSA;Flask-oDesk;Flask-IAM;Turbo-Flask;Flask-Scss;FlaskFarm;Flask-CMS-XP;xFlask;Flask-LDAP;sk;Flask-SAML;Flask-Zero;Flask-Admix;Flask-gzip;Flask-B3;FlaskApx;Flask-Bpjs;Flask-Batch;Flask-Edits;Flask-Pure;Flask-Maoko;Flask-PRBAC;Flask-Douwa;Flask-Sharp;Flask-Views;Flasky;Flask-BSON;Flask-RAML;Flask-WAT;Flask-Token;Flask-Z3950;Flask-S3;zyzFlask;Flask-Init;Flask-Rev;Flask-ICU;Flask-Vises
anyio,any;anyioc;zmq-anyio;anyioutils;an;anyio-mqtt
isodate,isodatetime;pyepisodate;isodate2;ate;iso;isodaterange;isodata
sniffio,ffio;sniffing-io;fio;snif
python-dotenv,pytho;python-dotenv-run;python-dotenv-vault;python-dotenvx;python-dotenv-yaml;dotenv-python
httpx,httpxc;httpxy;dapr-httpx;http;pyhttpx;aiohttpx;httpxontop;ht;httpx-cli;httpxfetch;htt;whttpx;httpx-file;httpx-socks;vedro-httpx;httpx-html;px
mccabe,doyle;john;john-robert;joseph;mcc;edwards;mckenzie;kevin;jeff;pytest-mccabe;flint-mccabe;mccabe-cli;thomas;wilson;byrne;davies;pylint-mccabe;murphy;leonard;ryan;jesse
h11,h1
openpyxl,alas-ce0-openpyxl;vd42-openpyxl;openpyxl-table;openpyxl-fast;openpyxl-grid;takeme-openpyxl;openpyxl-autofill;openpy
httpcore,core-https;http;httpc;pcore;corehttp
et-xmlfile,file;mlfile;et-xmlfile-2021
pyOpenSSL,pyOpenSSLexit
rpds-py,rpds;rpds.py
proto-plus,proto-plus-stubs;codestare-proto-plus;prot;plus
lxml,lx;lxmlHtml;setuptools-epydoc;lxml-util;epydoc;lxml-cffi;rlxml;suds-lxml;zsi-lxml;phantomjs;lxmlh;lxmlx;lxmlproc;setuptools-cmake;lxmlbind;cmake-setuptools;setuptools-gettext;json-lxml;setuptools-yaml;setuptools-pyflakes;eulxml;lxml-mate;ocaml;declxml;ixml;jxml
jsonschema-specifications,django-specifications
pycodestyle,pycodestyle-magic;pytest-pycodestyle;ament-pycodestyle;pycodes;pycode;codestyle
GitPython,thon;MGitPython
propcache,cache;pcache;prop
asgiref,asg;asgiref-trio;ref;asgirefs
referencing,referencing-http;referencing-loaders;ndx-bipolar-referencing
msgpack,pandas-msgpack;httpie-msgpack;mercupy-msgpack;lessrpc-msgpack;msgpack-asgi;msgpack-cxx;python3-protobuf;msgpack-pypy;mood.msgpack;serializers;msgpack-sorted;msg;protobuf-py3;protoc;x-msgpack;eventiq-msgpack;msgpacketizer;protobuf-serialization;lodash;umsgpack;msgpack-pure;msgpack-ext;json-protobuf;wstring;gobject;msgpacku;json-serializer;protobuf-distutils;bytestring;msgpack-tool;setuptools-protobuf;apistar-msgpack;tornado-msgpack;protobuf-setuptools;stringify;msgpack-rlp;pylods-msgpack;perde-msgpack;rpc-msgpack;ocaml;msgpackstream;aiomsgpack;msgpackr-python;pyramid-msgpack
tenacity,fortitude;moxie;ethnicity;diligence;city;grit;ingenuity
ptyprocess,processtools;libprocess;gmprocess;xlprocess;django-process;processfiles;process-nwb;cess;wwprocess;processlib;process-metrics;hs-process;etlprocess;processpy;swprocess;processheaders;ppprocess;arabicprocess;process-bm;pii-process;datadog-process;process-boss;py-process;openerp-process;mfprocess;ptyp;processcdf;pxprocess;asyncprocess;snprocess;bgprocess;excprocess;datetime-process;process-tests;tsprocess;wordpress-process;tkprocess;nlpprocess;process-msg;gbprocess;pyprocess;k3process;improcess;processdat;processimg;nbprocess
itsdangerous,dangerous-eval;more.itsdangerous
pexpect,pexpect-nm;ect;pexpectparser;pytest-pexpect;types-pexpect;pexpect-u;pexpect-serial;xpect;winpexpect;pexpect-py3-fork
google-cloud-storage,cloud-storage;django-google-cloud-storage;google-cloud-storage-image-resizer;airless-google-cloud-storage;google-cl;google-cloud-storageinsights;google-cloud-storage-control
keyring,kring;keyring-proxy;aws-keyring;virtualkeyring;keyring-wsl-host;keyring-gcloud;kognic-keyring;gsheet-keyring;ing;octodns-keyring;keyrings-efile;kibitzr-keyring;ansible-keyring;click-keyring;zc.botokeyring;key;pytest-keyring;keyrings-alt;keyring-jeepney;nostr-keyring;keyringpy;keyring-minimal;krong;ring;ape-keyring;django-keyring;keyring-otp;keyring-pass;karnak;jaraco.keyring;rskeyring;keyrings.efile;krank;awscli-keyring;plone.keyring;s3keyring;keychain
asn1crypto,apicrypto;crypto.com;realtime-crypto;sslcrypto;paicrypto;crypto-markets;crypto-django;crypto-cr;awscrypto;ml-crypto;pncrypto;jccrypto;crypto-commons;asn1crypto-tests;sscrypto;cis-crypto;crypto-ecc;crypto-tools;pulumi-crypto;django-crypto;crypto-utils;docx-asn1;crypto-database;drf-crypto;crypto-info;crypto-colors;xycrypto;sm-crypto;envcrypto;pqcrypto;mlcrypto;cms-crypto;mmcrypto;robotframework-crypto;tn-crypto;ct-crypto;arkecosystem-crypto;dingtalk-crypto;crypto-sim;crypto-gltf;noscrypto;ipp-crypto;kafkacrypto;crypto-cookie;py-crypto;crypto-pkg;aws-crypto;rsa-crypto
alembic,alembic-viz;alembic-migrate;ibm-db-alembic;alembic-tools;flask-alembic;alembic-offline;alembic-dddl;alembic-enums;alembicz;alembic-stubs;alembic-bot;alembic-clamp;peltak-alembic;alembic-api;alembic-verify;alem;lambeq;uliweb-alembic;impaf-alembic;alembic-sdk
websocket-client,webhook-client;webbsocket-client;mqttclient;websock;wwebsocket-client;mqtt-client;websoocket-client;websocket-clientt;pubsub-client;client;websocket-client2
gitdb,db
smmap,smm;sm;map;ap
pkginfo,pkginfo2;pkg;draxoft.pkginfo;pkg-info;infopkg
msal,sal;ms;msa;msalign;emsal;zeit.msal;msql
psycopg2-binary,binary
isort,ort;rt;aisort;isortd;musisort;iso;pydisort;yapf-isort;isorted;isortpy;multisort;isort-plus;pyls-isort;cisort;cardisort;scisort
jaraco.classes,classes
chardet,char;fastchardet;chardetng-py;django-chard;rs-chardet;chard;chardet2;det;chardetails;cha
google-cloud-core,google-cl
jeepney,keyring-jeepney;jeepney-objects
SecretStorage,SecretStorage-Setup
trove-classifiers,trove-classifiers-cli
ruamel.yaml,ruamel.yaml.convert;ruamel.yaml.cmd;ruamel.yaml.base;ruamel.yaml.bytes;ruamel.yaml.split;ruamel-yaml-conda
regex,human-regex;regex-spm;regext;ex;regexdict;regexlint;regexriot;tregex;regex-llm;pecoregex;ezregex;regexpy;boost-regex;regex4seq;regex20200220;pytregex;regexp-sar;gex;pregex;sregex;regexgen;regex-rust;greps;regexploit;regex2dfa;regexmodel;regexify;ooregex;b64-regex;rajjix;easy-regex;safe-regex;regexpro;trieregex;regexr;terregex;tr1regex;whitespace;postfix;syntax;rejex;regex-rs;perl;piiregex;reagex;ipregex;js-regex;rege;iregex;patma-regex;jsongrep;json-grep;lib-regexp;regexai;regex-build;regex2csv;url-regex;range-regex;regexer;regex-hir;emoji-regex;regexy;glob2regex;magicregex;regexf;csregex;regex-utils;mv-regex;gen-regex;Regexes;grep;learnregex;rejax;regexpypy;multiregex;regexp;regex2dfa2;regexable;regexapp;tokenregex;regex2d;auto-regex;negex
dnspython,dnspython3;thon;python-cloudflare;dnspy;python-ssh;ddns-python;cloudflare-python;python-ddns;dnspythonchia
fastapi,fast;easy-api;fasta;quickapi;api;fas;stapi;fastsapi;fastagi
importlib-resources,importlibs-resources;importlib-resource;resources
shellingham,shell
build,nensbuild;build-deps;dogebuild;defbuild;build-utils;blotto;buildgraph;dj-cmdbuild;microbuild;kth-build;py-build;alienbuild;blood1;osbuild;fabuild;buildh;ccbuild;OZI-build;xpip.build;mozbuild;plsbuild;buildutil;building3d;buildless;buildincr;maxbuild;nanobuild;blti;notebuild;hc-py-build;kiba-build;bl3d;dan-build;weldbuild;build-proj;bild;buildme;flask-build;buildurl;buildscad;buildstack;minibuild;bold;texbuild;bluet;optbuild;abuild;jerrybuild;less.build;fdbuild;buildutils;buildzr;ubuild;buildpan;wbuild;blued;mpbuild;build4s;lazy-build;buildcage;doxybuild;pl-build;building;easybuild;mu-build;wixbuild;rfl-build;buildproj;gdbuild;buildtools;lazybuild;blot;bpy-build;boldi-build;buildflow;buildman;BuilT;buildup;cxxbuild;arya.build;sbuild;buildhat;oebuild;blette;mbed-build;pybuild;belat;dat-build;1build;belette;buildprof;build-a-cog;OZI.build;check-build;miRge-build;builddsl;sibs-build;qrc-build;whatbuild;rezbuild;buildbot;xbbuild;csbuild;db-build;glbuild;blood3;BlueTE;autobuild;hitchbuild;xf-build;darkbuild;grumbuild;exebuild;buildvu;boldi;build2vec;djbuild;gvsbuild;buildapp;balto;godot-build;ballad;zeno-build;ohos-build;buildfox;ros-abuild;snakebuild;libbuild;bolt12;worldbuild;build-bot;buildmason;belt;wq.build;tplbuild;zbuild;buildt;buildarr;bleat;typebuild;buildc;buildit;yoctobuild;bilde;buildlib;builder;buildantic;ballet;p4a-build;Cybuild;p01.build;kthbuild;lbuild;build-capi;vfs-build;embuild;dsbuild;cake-build;justbuild;bbbdl;ballade;buildgrid;blood5;qbuild;clang-build;docbuild;buildver;hyperbuild;buildprint;buildcache;build-magic;oak-build;bu;walkbuild;boostbuild;builderer;gaebuild;bui;ld;buildtool;tfbuild;latexbuild;waf-build;nbuild;buildnis;builders;debbuild;pdbuild;buildamol;iplocbuild;buildfile;nua-build;bert-build;buildupp;ork.build;tuxbuild;whoisbuild;buildkit;sane-build;buildapi;ognibuild;regex-build;buildpg;webbuild;mlops-build;clixbuild;bblt;cook-build;biobuild;kkbuild;json-build;buildstr;blatt;maintain;mockbuild;snm-build;yarn.build;buildml;blood4;vkr-build;kubebuild;dau-build;conda-build;pycmdbuild;coxbuild;projbuild;mbuild;RFL.build;redbuild;bentobuild;benchbuild;gcoinbuild;alibuild;buildingpy;buildmc;bulot;blade;biolite;r3build;bolt11;lbne-build;buildlink;billit;toxicbuild;cfbuild;qibuild;bluedo;pymsbuild;bellite;regbuild;keas.build;blood2;dmgbuild;pop-build;auto-build;funbuild;buildverse;buildr;build.py;bolt;buildout.gc;ravebuild;buildenv;P.E.T-build;buildcdf;cbuild;esbuild;dgbuild;build-duck;buildpy;buildpipe;buildblock;Bluto;buildz;odoo-build;quickbuild;pyke-build;buildstrap;build-sdk;Blit;cxbuild;my-build;ocebuild;buildok;tdbuild;mina-build;aim-build;buildster;databuild;buildcat;ork-build;docku.build;buildable;clibuild;develop;labs-build
opentelemetry-sdk,opentelemetry-cli;opentele;pytest-opentelemetry
py,pyr;pys;p;qy;gy
pyproject-hooks,pyproject
pyflakes,pyfl;geoffrey-pyflakes;flake8-pytest;distutils-pytest;flake8-junit;types-pyflakes;flake8-sqlalchemy;jupyter-pep8;nixpkgs;pytest-pep8;wdiff;flake8-gettext;flake8-github;pyflakes3k;setuptools-pep8;flake8-qgis;pyflakes-ext
pytest-cov,pytest-adf;pytest-github;pytest-pgsql;pytest-elasticsearch;pytest-fixtures;pytest-attributes;pytest-pytorch;metrics.pytest-cov;pytest-stats;covviz;pytest-xray;pytest-covid;pytest-mongo;pytest-reports;pytest-regex;pytest-trytond;pytest-ldap;pytest-ok;pytest-xml;pytest-cov-exclude;pytest-toolkit;pytest-houdini;pytest-rts;pytest-argus;pytest-params;pytest-fv;pytest-extensions;voxcov;pytest-dc;pytest-mqtt;pytest-tagging;covusers;py-pytest;flake8-pytest;pytest-fauna;pytest-yaml;pytest-airflow;pytest-utils;pytest-pg;pytest-firefox;pytest-shortcuts;pytest-tdd;gccov;pytest-pypi;pytest-prometheus;pytest-gae;django-pytest;pytest-stf;pytest-automation;pytest-boilerplate;pytest-jsonschema;pytest-zap;pytest-readme;pytest-rst;pytest-perf;pytest-lsp;pytest-tcp;pytest-gcs;pytest-ui;pytest-mini;unicov;pytest-workflow;ipycov;pytest-profiles;cbcov;pytest-async;pytest-api;pytest-trello;pytest-ec2;pytest-contexts;zope.pytest;evocov;bb-pytest;pytest-ext;pytest-keyring;pytest-requests;pytest-dynamodb;pytest-encoding;covatls;testrail-pytest;pytest-evm;pytest-steps;covpy;pytest-todo;pytest-databases;pytest-lisa;pytest-docs;pytest-aio;pytest-matchers;pytest-jira;pytest-cookies;pytest-dataset;pytest-influxdb;pytest-req;pytest-jupyter;pytest-experiments;pytest-marks;pytest-poo;pytest-pogo;pytest-qr;pytest-email;pytest-ver;pytest-webdriver;pytest-browserstack;pytest-translations;pytest-smtp;pytest-dicom;pytest-assertions;pytest-pt;jupyter-pytest;pytest-cid;pytest-ot;pytest-statsd;pytest-robotframework;pytest-drf;pytest-xlsx;pytest-aws;pytest-db;pytest-kafka;pytest-ini;pytest-bq;pytest-http;pytest-kubernetes;pytest-iam;sqlalchemy-pytest;pytest-forks;pytest-vcs;covira;pytest-cassandra;pytest-ethereum;pytest-diff;pytest-reporting;pytest-symbols;aocov;pytest-ssh;pytest-mh;docscov;pytest-aux;clicov;pytest-toolbelt;pytest-erp;pytest-opentelemetry;pytest-tools;pytest-neos;pytest-postgres;pytest-patterns;pytest-plone;pytest-serverless;modcov;pytest-tf;pytest-knows;cov19;pytest-codegen;pytest-gitlab;pytest-odoo;pytest-moto;pytest-rt;pytest-offline;pytest-metrics;pytest-chunks;pytest-rpc;pytest-checklist;pytest-pass;pytest-appium;pytest-elements;pytest-inline;pytest-rethinkdb;pytest-helpers;pytest-services;pytest-pdb;covml;pytest-sqlalchemy;pytest-zy;pytest-ml;pytest-mp;pytest-minecraft;pytest-gc;pytest-nginx;pytest-docgen;pytest-solr;pytest-vw;pytest-config;pytest-circleci;pytest-eth;pytest-rabbitmq;pytest-terraform;pytest-svn;pytest-gitignore;pytest-ranking
wcwidth,multiwidth;dejawidth;uwcwidth
scikit-learn,mlpro-int-scikit-learn;mini-scikit-learn;scikit-learn-tree;learn;spoke-scikit-learn;scikit-learn-runnr;scikit-learn-emeralds;scikit-learnt;scikit-learn-matplotlib;scikit-learn-whiskers;scikit-learn-helper;rnl-scikit-learn;cc-mini-scikit-learn;sys-scikit-learn;scikit-learn-3way-split;scikit-learn-lambda;scikit-learn-VAL;cs-mini-scikit-learn;scikits.learn;inaccel-scikit-learn;scikit-learn-1.5.2;scikit-teach;instaffo-scikit-learn;scikit-learn-gini;yascikit-learn;cs-ob-mini-scikit-learn;scikitlearn
black,jblack;redgreen;blackmail;blackfeed;pink;blackbook;blackref;blackbelt;whiterose;blackblox;blohg;blocky;black-pack;blacksmith;white-rabbit;blackhc;black-night;balg;white;black-cgx;whitecanvas;blueque;blackhat;blackbirds;bllog;blackdoc;blackdog;code-black;black-sat;bulky;blackfynn;whitecloak;pyls-black;blake2;black-nb;blekko;blacker;blackwatch;blog;darkgrey;blackjax;blaugue;yellow;black-widow;whitepaper;blackini;blacksap;whitewater;balic;blackbird;block2;black-box;block;blackmamba;bloock;blacksql;bulc;bl;bioLEC;coblack;bloggo;blec;bullock;pyredblack;blacktip;Vantablack;whitetea;blackmaria;blackpink;blackadder;blackarrow;bulk;black-body;blck;lack;blacknoise;dogblack;purple;pyroblack;blacklight;greenblueorange;blackfox;blackt;maidwhite;cblack;blackonnx;blacksock;blackhole;blackbox;noy-black;blackgate;blackish;black-mamba;whitehat;blackseedz;blok;black-hole;blackhc.mdp;nb-black;axblack;brown;jwblack;grey;whiteduck;blackopt;red-velvet;yb-black;black-holes;blackeye;BLiC;redblack;blacksheep;blyg;whiterock;blacksin;blackhorse;blackboxer;blackburn;wms-black;blackforge;bolg;black-it;bellek;ament-black;blackmoon;whitemoon;beluga;mongoblack;blueblack;blackmagic;blacked;blackleg;blackpen;blacktea;blackwidow;blackboxai;blackcurve;blackout;blacktex;gray;black-magic;whiterabbit;blogue;mo-black;blug;blackbench;bloic;blackchirp;blake256;blackcap;bloc;beige;bbalg;uiblack;blik;black-junit;ck;blackneckz;snowwhite;pennyblack;whitegravel;blackjack;flatwhite;blacktie;blackmoons;blackhc.GRT;whitehole;blackwhite;blag;blackbear;blacknet;balog;blackstone;bleico;plack
blinker,blinker-async;blin;liblinker;fablinker;bli;linker;blinker-alt;dblinker;biodblinker;pymysqlblinker;blink
bcrypt,quart-bcrypt;bkrypt;libcrypt;aiobcrypt;z3c.bcrypt;sha256;python-bcrypt;simple-bcrypt;nubcrypt;webcrypt;BUAACrypto2024;mockbcrypt;cipherbcrypt;django-bcrypt;bcrypt-tool;py3k-bcrypt;dcrypt;pcrypt
nodeenv,node;env;nod
opentelemetry-api,opentelemetry-cli;opentele;pytest-opentelemetry
matplotlib,otlib;matplot;matplotlibs;tlib;plotlib;matlibplot;metplotlib;matplotlip
gunicorn,gunicorn-console;gunicorn-pipe;django-beanstalkd;uwsgi-cloudwatch;foodalgo-gunicorn;rabbitmq;django-uwsgi;gunicorn-service;heroku;sanic-gunicorn;phantomjs;bcore-gunicorn;fabric-gunicorn;daemonized;corn;gearman;gunicorn-thrift;rungunicorn;django-gunicorn;gunicorn-drfork;kubernetes-wsgi;supervisord-nagios;datadog-gunicorn;djgunicorn;django-gevent;squad-gunicorn;django-nginx-uwsgi;check-gunicorn;gunicorn-cache;django-rabbitmq;django-wsgi;wsgi-statsd;gunicorn-logging;django-gearman;gunicorn-color;couchdb-wsgi;pokie-gunicorn;gunicorn-torify
tabulate,tabulato;opentabulate;django-tabulate;tablite;tblite;tabulatepdf;tabloid;tabula;tabulatedockerps;tablet;tabulate-expwidth;tabled;tabulate-django;tabledai;collate;tabulatehelper;tablate;tbldo;bq-tabulate;tabulated;tabuletta;tabulate2;tabulate-slip39;tablat;pytabulate
marshmallow,omuplugin-marshmallow;marshmallow-pyfields;sticky-marshmallow;marshmallow-geojson;marshmallow-select;marshmallow-cbor;marshmallow-har;marshmallow-peewee;bottle-marshmallow;marshmallow-aiohttp;marshmallow-dumped-order;marshmallow-jam;marshmallow-api-utils;marshmallow-attrs;marshmallow-custom;marshmallow-dynamodb;marshmallowqa-py;marshmallow-extended;marshmallow-generic;anyblok-marshmallow;marshmallow-toplevel;marshmallow-helpers;marshmallow-recipe;falcon-marshmallow;marshmallow-advanced;marshmallow-objects;jsonschema-marshmallow;upgrade-marshmallow;marsh;marshmallow-pageinfo;flask-restx-marshmallow;marshmallow-form;marshmallow-autoschema;marshmallow-sa-core;marshmallow-muffin;marshmallow-annotations;marshmallow-jsonschema-3;marshmallowjson;marshmallow-encrypted;chibi-marshmallow;pyramid-marshmallow;marshmallow-numpy;marshmallow-numerical;toastedmarshmallow;django-rest-marshmallow;fictive-marshmallow;flasgger-marshmallow;marshmallow-br;marshmallow-validators;marshmallow-dataframe;marshmallow-union;attrs-marshmallow;marshmallow-models;deepfriedmarshmallow;marshmallow-meta;marshmallow-factory;marshmallow-pynamodb;marshmallow-mongoengine;marshmallow-utils;eternia-marshmallow;marshmallow-pynamo-db;marshmallow2;marshmallow-pyspark;allow
backoff,updown;expbackoff;back;exbackoff;insideout;back-up;botobackoff;onto;down;backoff-async;topdown;pybackoff;closedown;tbbackoff;into;backoff-stubs
flake8,flake8-todos;flake8-drf;flake8-author;flake8parser;flake8-pylint;flake8-kw-args;types-flake8;flake8-future;flake8-ycm;flake8-errmsg;flake8-flask;fleck;flake8-ado;flog;floky;flake8-match;filequeue;flake8-jungle;flake8-csv;flake8-rst;flekky;flagai;flake8-vedro;flake8-putty;flake8-pep257;flake8-sfs;flake8-pytest;kagiso-flake8;flake8-slots;pytest-yaml;flake8-vyper;flake8-tabs;pyls-flake8;flake8-SQL;flake8-ruff;flake8-debug;pytest-pypi;autoflake8;flake8-pbp;flake8-no-else;flake9;flake8-plus;falco;fliq;fileG;flake8-shopee;flake8-qt-tr;flake8-nb;flake8-ejudge;distutils-pytest;flake8-ls;danger-flake8;flake8-to-ruff;flockai;flowgo;pytest-kivy;flake8-iw;fllog;flake8-junit;flaco;flake8-stash;phantomjs;folk;pytest-mockito;gtest;lfig;flake8-patch;fluq;flake8-bas;falca;filoc;flake8-no-json;flake8-alfred;flake8-mock-x2;flake8-force;flakey;flake8-wot;flake8-boto3;flake8-efm;pytest-venv;flake8-pep518;flake8-final;Felog;flake8-dodgy;pytest-influxdb;flake8-comma;gobject;flake8-pep585;flake8-zale;flake8-vcs-ext;flake8-scream;flake8-logger;flake8-strict;flake8-cached;floc;flick;jupyter-pep8;flake8-chart;nixpkgs;flufl.flake8;flake8-meiqia;flake8-eol;iflake8;flake8-dac;FlowQ;flock;pytest-pep8;wdiff;flake8-trio;flake82;pytest-statsd;flake8-i18n;flake8-scrapy;flake8-github;flake518;lfg3;setuptools-pyflakes;flake8-kotoha;falgo;flake8-pgp;flake8-super;flika;flake8-length;flake8-sleep;flake99;flake8-cgx;flake8-os-walk;setuptools-pep8;flygui;flik;flake8-loopy;flake64;flook;pytest-qgis;st2flake8;flake8-codes;flake8-ruler;fleek;flake8-koles;flake8-start;flake8-self;pytest-plone;flake8-walrus;flake8-ets;flake8-mock;Flag;flake8-peewee;pytest-codegen;flake8-gramex;sentry-flake8;flake8-pep604;flake8print;flagg;fleaky;flake8-qgis;flake8-raise;flack;flgo;flake8-if-expr;flake8-regex;flake8-report;pytest-gevent;flake8-async;flake8-numba;ipython-pytest;flake8-one-dot;pytest-gitignore;flake8-sarif;flake8-diff;flake8-click
networkx,networkx-match-22s;networkx-matchs;meshnetworkx;cynetworkx;networkx-stubs;ensemble-networkx;bayesiannetworkx;networkxtra;networkx-temporal;kmeans;networkx-viewer;networkx-gdf;networkx-query;git-networkx;network;networkx-neo4j;mms-networkx;networkx-graph;geonetworkx;netw;hive-networkx;konect2networkx;networkxgmml;networkx-match;graspi-networkx;retworkx;network-x
redis,redisco;exec-redis;waitredis;picoredis;ritsis;redis-query;redisbeat;reds;orredis;redisweb;redisgl;good-redis;redisbox;redis-yy;patio-redis;joker-redis;rediz;redis-tq;redis-cache;redistruct;proredis;redisjobs;retry-redis;firedis;redisbloom;redisy;redisdict;esl-redis;zbredis;rads;billoredis;rods;gy-redis;RadSI;asgi-redis;eyja-redis;ocredis;erads;pyroredis;RUTTS;mongoredis;redistil;nexus-redis;Roots;redison;redis-graph;redis-ipc;ring-redis;tredis;ok-redis;erdos;radios;redis-limit;rabbitmq;redis-kits;redis-clu;redisex;redisenv;red;dkredis;kmux-redis;xo.redis;radas;u-redis;ua2.redis;redistypes;redismutex;radis;ritas;beakeredis;cp-redis;hot-redis;redisz;redis-ao;extraredis;redis-astra;quart-redis;fcredis;redisio;redis-annex;pontyredis;dhos-redis;redis-sacsc;redis-sdk;redis-async;redis-taxon;redisqueue;toredis;r3dis;redis-lua;redis-lock;redistools;pypredis;asyncredis;bayesredis;ratus;doit-redis;rites;teleredis;redisim;ftredis;tinyredis;ipasn-redis;reddis;disredis;subredis;redisai;rediscache;redis-wheel;redis-relay;redis-tools;txredis;radius;redismq;redis-cli;redisgraph;rets;loredis;redisx;pyaioredis;smartredis;redis5;namedredis;cerberedis;open-redis;redisext;redisopy;robot-redis;redistock;redis-push;redis-gt;aloharedis;redis-hash;csp-redis;raids;kickredis;redis-canal;twiceredis;indiredis;pg-redis;redis-pal;yaaredis;oredis;redis-orm;gxredis;tc-redis;rediset;justredis;redisamp;redish;dis;twemredis;mockredis;RTS2;redisplus;redis-index;aredis;redisary;redis-shard;redis-queue;redisboard;redismpx;redzoo;zredis;retsu;mini-redis;redisca;krux-redis;rates;redisdecor;ruts;redis-file;rrts;redisbayes;ooredis;rodos;stati-redis;redistore;redisearch;radioz;kinto-redis;cdk8s-redis;raydis;redis-faina;RTSAI;redis-logs;redis2hdfs;gredis;fsredis;oneredis;redis-trib;redi;sanic-redis;rpcpyredis;rediscover;redisdol;redis-tasks;use-redis;redis-lru;iredis;redis-rs;vredis;redisea;redisgrpc;redis55;redis-utils;rediswq;py-redis;redis3;tmsg-redis;redis2http;redis-dict;rides;redis-wrap;zdppy-redis;ruds;redismock;crsredis;yatoredis;kaiju-redis;rad4sea;redismap;lona-redis;credis;hitchredis;Rits;sdh.redis;dredis;py-ztj-redis;redispy;redis-sa;hnap-redis;conio-redis;redis-drs;redis2;redes8888;easy-redis;redisimp;radiis;nest-redis;rediserver;kline-redis;fastredis;redisq-py;rats;ingot-redis;redis-proxy;toyredis;a3redis;stoneredis;redis-purse;redishilok;qredis
rapidfuzz,dfuzz;rapidfuzz-capi;fuzz;rapid;tesseractrapidfuzz;rapi
snowflake-connector-python,snowflake-connector-python-lite;snowflake-connector-python-2
poetry-plugin-export,poetry-import-plugin;poetry-plugin-import
ply,reply;plymgf;plyr;amply;supply;deply;lp2ply;papply;plyto;iply;ly;beeply;plyj;plyddl;serply;plyse;plynx;pyply;berply;samply;deeply;zimply;plyder;xply;imply;temply;plyara;skiply;comply;camply;paply;symply;apply;plyway;simply;damply;dfply;plyppy;phply;plynk;cmply;piy;pjy
google-crc32c,googl
termcolor,termcolors;xtermcolor;termcolor-logger;termcolor2;termcolor-dg;idev-pytermcolor;termcolor-whl;termcolorlog;color;pytermcolor;rmcolor;termcolor-util;termcolor-enum;pw-py-termcolor;neotermcolor;more-termcolor;term;colorterm
portalocker,portal
Cython,Cython-GLDA;lxml-cffi;thon;CythonGSL
azure-storage-blob,logyca-azure-storage-blob;azure-storage-blob-changefeed
httplib2,http;plib2;fglib2;lib2;texlib2;imaplib2;jsonlib2
paramiko,paramiko-jump;paramiko-gevent;paramiko-mock;ssh-paramiko;paramiko-fork;paramiko-3k;scrapli-paramiko;nornir-paramiko;miko;paramiko-on-pypi;paramiko-cloud;paramiko-stat;paramiko-tunnel;paramikope;paramiko-ng
sqlparse,mysqlparse;pysqlparse;lparse;psqlparse;sqlparser;msqlparse;cratedb-sqlparse
setuptools-scm,setuptools-scss;sq-setuptools;setuptools-scm-git-semver;py-scm;primoscm;setuptools-scm-about;scmtools;setuptools-changelog;scmutils;scmaui;scmkl;setuptools-ext;setuptools-metadata;scm-config;setuptools-scm-custom;setuptools-webpack;ytscm;setuptools-npm;ogscm;pulumi-scm;s2scm;setuptools-gettext;setuptools-protobuf;setuptools-yaml;sphinxcontrib-scm;setuptools-monorepo;setuptools-ci;setuptools-pkg;setuptools-scm-build-number;protobuf-setuptools;setuptools-cpp;scmver;setuptools-scm-old;setuptools-github;tbscm;setuptools-tasks;setuptools-svn;setuptools-hg;scmmd;setuptools-grpc;setuptools-scm-semver;setuptools-webdav;jgscm;scmpy
docker,nvdocker;dkr25309;dockergen;ducker;dockerutils;dock;monit-docker;ixian-docker;DeGourou;dowker;docker-sdk;docker-cron;docker-update;dockerrun;remote-docker;docker-replay;docker-shell;dockerich;dokr2;jaraco-docker;docker-ready;dockerctl;isdocker;dagr2;j2docker;docker-hica;docar;dockerator;dockerblade;docker-help;daquiri;dcar;daycare;docker-rmi;dockerasmus;dockerized;docker-charon;dockeree;docker-tasks;modelw-docker;docker-lets;docker-parse;docker-stats;docker-export;docker-build;dockerizeme;check-docker;docker-detect;dockerfly;decker;decore;bvx-docker;kedro-docker;docker-tunnel;dockerma;docker-app;fabdocker;eikon-docker;rtmdocker;deker;dcore;xrally-docker;undocker;docker-cloud;docker-ops;docker-cmd;dockerrotate;dockerns;python-docker;k3utdocker;dokr1;docr;docker-etude;docker-rerun;doc;docker-pid;docker-run-cli;charms.docker;dockerd;duiker;dockertest;docker-map;ssh-docker;x-docker;dockerhub-cli;docker-worker;docker-games;venv2docker;docker-pkg;fabric-docker;docker-ipsec;fwdocker;docker-postal;dbnd-docker;docker-debug;dockerlint;docker-hub;dockersh;dockeroo;docker-stubs;clean-docker;mdocker;deqr;dockerjudge;docker-host-ip;dcre;docker-sand;docker-buddy;dockerman;ddgr;docker-utils;jolt-docker;docker-shaper;ue4-docker;magic-docker;pg-docker;dockerensure;dockercv;dockertk;dockerstache;dfdocker;docker-pyo3;dockerll;dockershield;multidocker;tox-docker;jaraco.docker;userdocker;docker0s;dockerinfo;django-docker;pcwldocker;doker;docker-check;dokr;dir2docker;redocker;dock8r;dockerlab;hmd-cli-docker;docker-run-cmd;docker-remove;bdist-docker;docker-jinja3;udocker;docker-craft;dokr2530;docker-dev;atf-docker;lsoft-docker;docker-evolve;dockerctx;rnb2docker;Dokra;stdocker;decor8ai;dockerdb;dockermatrix;dockerdevice;dockermon;dugaire;docker-inside;yaml-to-docker;testdocker;osxdocker;dove-docker;deckor;oar-docker;docker-record;docker-recipe;docker-jobber;docker-crane;deplodocker;dockery;fabricdocker;docker-remote;docker-purge;pynb2docker;vakdocker;flex-docker;docker-parser;dokker;dockerr;docker-cp;docker-storm;dsjk-docker;docker-api;styxdocker;rundocker;spotondocker;docker-patch;dockerscript;nose-docker;dokrrr;docker-squash;dokr199;dagr;dockerifaces;docker-amend;docker-ssh;minian-docker;docker-wrap;docker-checks;docker-sync;degree;dockerize;decor;ferm-docker;pysrim-docker;dockerwatch;dockerx;pylazydocker;mlcube-docker;pydocker;wdocker;decare;aswfdocker;idocker;dockerscout;decorr;docker-launch;docker-links;docker-xylem;boot2docker;docker-dep;docker-make;docker-fabric;docker-jinja;dockertown;docker-master;dockerstats;docker-ps;bonobo-docker;docker-cli;ariane-docker;docria;docker-nuke;docker-events;docker-volume;docker2mqtt;maildocker;easier-docker;ndocker;docker-secure;decora;sq-pydocker;dockerup;dockertools;dockerflow;vvv-docker;aws-in-docker;dockercor;ddquery;mosaik-docker;daiquiry;docker-tidy;conda-docker;DQuery;docker-helper;dockerly;dh0cker;dockernel;dockerscan;neurodocker;v4docker;havedocker;pocker
starlette,starlette-async-wstc;starlette-authlib;starlette-utils;starlette-openapi;starlette-skin;starlette-htmx;starlette-bridge;webargs-starlette;starlette-views;starlette-hmac;simple-starlette;starlette-graphql;starlette-jsonapi;starlette-graphene3;starlette-feedgen;restful-starlette;starlette-graphene;starlette-i18n;starlette-dispatch;starlette-oauth2-api;starlette-problem;toga-starlette;starlette-ssr;starlette-marshal;starlette-api;starlette-auth;starlette-sse;starlette-flask;starlette-jsonrpc;starlette-pydantic;starlette-oauth2;starlette-csrf;gino-starlette;ssr-starlette;mixpanel-starlette;starlette-session;starlette-authx;starlette-plugins;starlette-abstract;starlette-sessions;starlette-bugsnag;starlette-zipkin;starlette-cli;starlette-resource;starlette-json;starlette-compress;starlette-x-bugsnag;starlette-swagger;kfinny.starlette;starlette-flash;starlette-jwt;starlette-cramjam;starlette-early-data;starlette-apispec;starlette-babel;starlette-core;starlette-ras-handle;starlette-request-id;starlette-injector;starlette-fancy;star;starlette-live;starlette-web;starlette-logger;starlette-apps;starlette-discord;apispec-starlette
prompt-toolkit,wtprompt;prompttools;prompt-evaluator;ssprompt;jiraprompt;promptdb;prompt-toolkit2;flexi-prompt;promptops;prompt;promptia;medprompt;promptlogs;btcprompt;pyprompt;promptify;promptlib;geomprompt;promptlabs;promptlytics;prompt-args;http-prompt;prompt-optimizer;ipyprompt;prompt-functions;prompt-zen;visprompt;prompt-chains;promptapp;promptest;pv-prompt;promptcli;prompt-admin;ccprompt;promptxml;promptsy;promptip;promptic;prompt-tool-kit;toolkit;prompteval;promptsdk;promptml;promptbuf;safer-prompt-toolkit;thingsprompt;promptim
threadpoolctl,threadpool;thread
py4j,py4;py4jdbc;py4jps;py4js
azure-identity,pytest-adf-azure-identity;azure-identity-broker
Mako,SF-Mako;ko;MakoTool;MakoLang
uritemplate,template
cloudpickle,yccloudpickle;ickle;cloud;cycloudpickle
google-cloud-bigquery,google-cloud-bigquery-migration;mcl-google-cloud-bigquery;arrivy-google-cloud-bigquery;google-cloud-bigquery-logging;google-cl;google-cloud-bigquery-data-exchange;airless-google-cloud-bigquery;google-cloud-bigquery-analyticshub
kiwisolver,solver;kiwi;kiwis
tzlocal,local
pytest-mock,pytest-mock-generator;pytest-mock-helper;pytest-mocktcp;pytest-mockredis;pytest-mockito;pytest-mock-server;pytest-mock-api;pytest-mockservers;flake8-mock
joblib,worklib;jobutils;multi-job;jobautomate;cronjob;jobcalc;jobslib;job-plots;robojob;job-works;jobvite;pyjob;oblib;distjob;kubernetes-job;uberjob;job-scheduler;sshjob;ccjob;gitlab-job;job-processing;job-notifications;jobtools;jobdec;asyncjob;jobpy;jobcli;blib;libjob
mypy,maeapi;mappi;m5py;mupy;mma2py;findmypy;mmapi;moapy;myppa;maop;MappPPy;mypie;meepy;mypykit;mypo;mypytex;epydoc;cflow;lxml-cffi;meuip;mypydb;python3-protobuf;mpaia;flake8-pytest;moopy;pytest-yaml;mypytest;mopp;mypysql;pytest-pypi;Maipau;m2py;mypi;meepo;map4;pytest-pexpect;genmypy;mypyref;mypy-lang;moip;meipai;mypypy;distutils-pytest;mipp;pytest-kivy;mopa;mipow;python2;zope.pytest;mypygui;mapo;mipea;mwpy;muapi;mpe2;mepe;ypy;mappie;mypymake;moop;flake8-sqlalchemy;mmpy;mpaio;mepo;wymypy;mewpy;pytest-venv;pyls-mypy;my;mypykits;occamypy;mpPy6;maapay;meapp;mapi;mypy1989;pytest-pep8;myppy;mypylib;mypy-dev;Mapp;mopy;setuptools-pyflakes;m2up;maup;mppy;mypy-ls;mypyHook;sqlalchemy-pytest;moippy;python3-kivy;mmpi;m3py;muppy;mypython;setuptools-pep8;meapi;mopay;mappy;maypy;mipa;mypy-test;mypypi;mhpp;meep;maskmypy;fftw-cffi;meepo2;nb-mypy;mypyliex;mypy-r;moppi;pytest-codegen;MoIPy;MAAP;mope;mp8833;ocaml;mypy8tml;miepy;pytest-sqlalchemy;mpy3;mypylox;kiwi-mypy;moapi;mip2;mmapy;mpio;mpu6050;mipy;mapa;meapy;mypypp;mippy;mypy-gpt;myp;ipython-pytest;mypydot;promypy;Mappa;mapio;map2
msal-extensions,marstr-msal-extensions;zeit.msal;extensions
xmltodict,pugixmltodict;todict;dict;csvtodict;quick-xmltodict
Markdown,EasyMarkdown;Markdown2docx;wxMarkdown;MarkdownBear;Markdown-Toolbox;Markdown-Editor;JsonToMarkdown;MarkdownTools2;SuperMarkdown;Markdown2PDF;MarkdownTools;down;Markdownipy;secure-Markdown;Markdown-Tracker;MarkdownWriter;jinjaMarkdown;Beetle-Markdown;cMarkdown;ohHtmlToMarkdown
fonttools,fonttoolsWB;ttools;notofonttools
cycler,ler;cler;epicycler;lightcycler;cycle
types-requests,thor-requests;requests-facebook;quests;requests-cpp;requests-oauth2;drfrequests;requests-extensions;requests-html2;jupyter-requests;requests-openapi;nbrequests;fgrequests;requests-middleware;esi-requests;requests-downloader;apirequests;requestspr;web3-requests;requests-aws;requests-sse;curequests;tgrequests;tf-requests;requests-aliyun;pymrequests;requests-etag;gqlrequests;requests-threads;vk-requests;dbrequests;requests-api;ghrequests;requests-h2;requests-pandas;pytest-requests;shopify-requests;pg-requests;requests-tools;requests-defaults;pycopy-requests;aio-requests;requests-har;requests-debugger;awsrequests;yaml-requests;nanorequests;txrequests;requests-utils;requests-srv;requests-paginator;micropython-requests;bitcoin-requests;requests-download;http-requests;evarequests;requests-xml;requests-lb;exec-requests;requests-iap;hx-requests;yc-requests;devops-requests;requests-ftp;cli-requests;nav-requests;requests-oidc;multi-requests;wechat-requests;wsrequests;requests-abc;requests-jwt;gcloud-requests;requests-gcp;graphql-requests;bw-requests;requests-debug;django-requests;requests-google;httpsrequests;flake8-requests;asyncrequests;jsrequests;jsonrpc-requests;httprequests
argcomplete,complete-stdlib;deep-argcomplete;xontrib-argcomplete;complete;auto-argcomplete;pycomplete
ipython,async-ipython;ipython-flux;ipython-cells;gravipython;twisted-ipython;mpipython;jupyter-tikz;jupyter-ssh;ipython-odoo;scrapli-ipython;bpython-django;ipython-pylint;thon;ansipython;jupyter-conda;ipythontools;ipython-gremlin;ipython-utils;olchikipython;ipythontutor;ipython-mongo;ipython-sparql;ipython-cql;ipython-irc;slack-ipython;ipythonblocks;ipython-db;ipython-secrets;sopel-ipython;django-ipython;pyramid-ipython;pytest-jupyter;baipython;ipython-futhark;ipython2cwl;asipython;geminipython;ipython-bg;termiipython;ipython-cosmos;jupyter-pep8;ctbipython;ipython-cypher;emacsipython;jupyter-pytest;ipython-gpt;stscipython;mypyc-ipython;dataapipython;bnipython;ipython-profile;jupyter-vtk;ipython-helpers;vipython;vdk-ipython;ptipython;bipython;jupyter-config;mypy-ipython;ipython-reload;jipython;rlipython;ipython-openai;xicam.ipython;ipython-cache;hy-ipython;ipython-args;ipython2slack;django-jupyter;ampel-ipython;ipython-ngql;ipython-icat;ipython-kusto;anticipython;ipython-pip;jupyter-repl;ipython-pytest;ipython-IDV
sentry-sdk,sentryapp;sentry-irc;sentry-ldap;sentrycli;sentry-extras;sentry-plugins;sentry-webhooks;sentry-jira;sentry-wechat;sentry-twilio;sentinel-sdk;sentry-gitlab;django-sentry;sentry-comments;sentry-uploads;trytond-sentry;minisentry;teamcity-sentry;sentry-kafka;sentry-insights;sentry-zendesk;sentry-statsd;nagios-sentry;dojo-sentry;sentry-trello;sentry-bitbucket;sentry-whatsapp;sentry-vsts;sentry-protos;sentry-cli;dj-sentry;jupyterlab-sentry;graphene-sentry;sentry-nos;sentry-hal;sentry-github;sentry-flake8;sentryflo;sent;cron-sentry;py-sentry;sentry-ones;sentry-syslog;sentry;sentry-zabbix;sentry-tools;sentry-subscriptions;sentrypy
babel,pybabel;bible;biblio;babel-utils;broad-babel;ba;bibble;bubble3;babla;abel;qbabel;biobabel;biblio2023;buble;babble;pyifbabel;gpsbabel;quart-babel;babelrts;babel-cli;babelbox;gears-babel;babelgrid;bioblu;bubble;bibla;ababil;sf-babel;bible3;openbabel;babel-util;babe;bab;asgi-babel;bibL;bobail;xibabel;babelchart;el;babeltalk;bubbleio;babelplot;babelscan;bauble;genibabel;bel;babelone;cobrababel;radiobabel;babel-edtf;sanic-babel;bio2bel;babelnet;babelfont;babel-edge;bubbly;onyxbabel;babelon;ocds-babel;beebole
uvicorn,uvicorn-logger;uvicorn-tls;uvicorn36c;orn;corn;uvicorn-actor;uvicorn-denial;uvicorn-manager;uvicorn-http2;uvicorn-browser;fps-uvicorn
sphinx,sphinxter;javasphinx;sphinx-icon;sphinx-gemini;sphinxtools;sphinx-me;sphinx-flyout;griffe-sphinx;sphinx-minify;sphinx-runner;sphinx-thrift;db4sphinx;sphinxify;pandas-sphinx;travis-sphinx;sphinx-vhdl;sphinx-sql;sphinx-ads;sphinx-lua;djsphinx;sphinx2rst;sphinx-a4doc;sphinx-cmake;sphinx-imgur;sphinx-reload;sphinx-lesson;sphinx-dehead;sph;sphinx-quant;sphinx-rego;oslo.sphinx;sphinx-watch;nbdev-sphinx;sphinx-tosca;sphinx-plover;sphinx-emf;tsuru-sphinx;sphinx-ape;sphinx-blog;sphinx-ros;sphinx-md;sphinx-tags;goldensphinx;sphinx-stylo;epub2sphinx;sphinx-asdf;sphinxience;sphinx-kml;femtosphinx;sphinx-readme;photonsphinx;ytsphinx;sphynx;sphinxext-bsb;wiki2sphinx;sphinxHub;sphinx-paw;mdsphinx;meta-sphinx;sphinx-cs;sphinx-gitref;zzzeeksphinx;sphinx-hwt;sphinx-gmt;sphinxext-pwa;zuul-sphinx;aether-sphinx;sphinx-celery;sphinx-boost;doxysphinx;sphinx-bulma;oslosphinx;sphinx-refdoc;sphinx-disqus;sphinx-charts;sphinx-d2;sphinxtrap;sphinx-numfig;pwdsphinx;sphinxstl;sufuncs;sphinxcli;sphinxscript;invoke-sphinx;sphinx-bazel;sphinx-fasvg;jsphinx;sphinx-toml;sphinx-view;sphinx-git;allanc-sphinx;odt2sphinx;sphinx-vhs;sphinxit-fc;sphinxserve;sphinxapi-py3;sphinx-biel;sphinx-invoke;sfinx;savings;sphinx-theme;sphinx-social;sphinxsearch;sphinx-excel;sphinxgen;sphinx-btn;sphinx-idl;sphinxbio;sphinxygen;seqansphinx;flyingsphinx;sphinx-tippy;sphinx-js;pytest-sphinx;sphinxmark;sphinx-stan;django-sphinx;sphinx-term;sphinx-nose;sphinx-graph;pocketsphinx;sphinx-nbblog;sphinx-dust;sphinx-run;sphinx-tomyst;sphinx-gha;gmic-sphinx;sphinx-csharp;sphinxview;catkin-sphinx;sphinxleash;sphinxsharp;sphinxfeed;sphinx-ext-eqt;sphinx-links;autosphinx;sphinxmix;sphinx-peek;sphinx-proof;sphinx-serve;sphinxit;sphinx-server;sphinx-tfdoc;sphinx-mekki;sphinx-rust;docxsphinx;pysphinx;sphinx-prolog;sphinx-cache;dragon-sphinx;sphinx-pytest;sbo-sphinx;sphinx-jinja2;jssphinx
distro,dsnd-distro;distex;disaz;dislib;gsdistro;distrongkal;dis-cli;disfs;stats-distro;dyndis;trodi;py-dis;disorg;dis-upload;jondis;distru;distroshan;tredis;distromax;dissy;dispyt;disops;bg-kdistro;distas;distro2sbom;zydis;ncdis;disbots;tro;distro-Fennec;etcd-distro;r3dis;distroinfo;distify;dsnd2-distro;disws;1distro;dist;distrolock;disutils;disque;disgames;gbdis;pydis;distro-prb;pycopy-dis;httpdis;cdk-eksdistro;dis;lhdis;distroverify;md5distro;disent;micropython-dis;dispy;distns;disstat;casa-distro;dis-tp;pydistro;distromath;dis-py;disttf;disdat;distro-names;dismod;vedis
zope.interface,lang-interface;gui-interface;postgresql-interface;interfacecases;interfacetools;unointerface;tfinterface;pypi-interface;interface-versioning;pyinterface;db-interface;ddd-interface;audinterface;cbinterface;tminterface;lkinterface;mos-interface;jyinterface;cis-interface;cfinterface;ib-interface;multi-interface;bwinterface;french-interface;py-interface;eth-interface;ts-interface;pminterface;nn-interface;mwinterface;binance-interface;dm-interface;nr.interface;interface-mixins;spinterface;elasticsearch-interface;dbinterface;zope-interface
